timeStamp,elapsed,label,responseCode,responseMessage,threadName,dataType,success,failureMessage,bytes,sentBytes,grpThreads,allThreads,Latency,IdleTime,Connect
1528165829970,25,getHdStations,200,,Stations 1-1,text,true,,212394,133,1,1,23,0,4
1528165829995,2,createStation,200,,Stations 1-1,text,true,,214,276,1,1,2,0,0
1528165829997,1,getStationByID,200,,Stations 1-1,text,true,,270,162,1,1,1,0,0
1528165829998,13,getStationByName,200,,Stations 1-1,text,true,,212395,179,1,1,9,0,0
1528165830011,2,updateStation,200,,Stations 1-1,text,true,,270,303,1,1,2,0,0
1528165830013,11,getHdStations,200,,Stations 1-1,text,true,,212500,133,1,1,7,0,0
1528165830024,1,createStation,200,,Stations 1-1,text,true,,214,276,1,1,1,0,0
1528165830025,1,getStationByID,200,,Stations 1-1,text,true,,270,162,1,1,1,0,0
1528165830026,8,getStationByName,200,,Stations 1-1,text,true,,212501,179,1,1,6,0,0
1528165830035,1,updateStation,200,,Stations 1-1,text,true,,270,303,1,1,1,0,0
1528165830036,9,getHdStations,200,,Stations 1-1,text,true,,212606,133,1,1,6,0,0
1528165830046,1,createStation,200,,Stations 1-1,text,true,,214,276,1,1,1,0,0
1528165830047,1,getStationByID,200,,Stations 1-1,text,true,,270,162,1,1,1,0,0
1528165830048,9,getStationByName,200,,Stations 1-1,text,true,,212607,179,2,2,6,0,0
1528165830057,1,updateStation,200,,Stations 1-1,text,true,,270,303,2,2,1,0,0
1528165830050,10,getHdStations,200,,Stations 1-2,text,true,,212712,133,2,2,8,0,0
1528165830061,1,createStation,200,,Stations 1-2,text,true,,214,276,2,2,1,0,0
1528165830062,1,getStationByID,200,,Stations 1-2,text,true,,270,162,2,2,1,0,0
1528165830058,9,getHdStations,200,,Stations 1-1,text,true,,212712,133,2,2,7,0,0
1528165830068,1,createStation,200,,Stations 1-1,text,true,,214,276,2,2,1,0,0
1528165830069,1,getStationByID,200,,Stations 1-1,text,true,,270,162,2,2,1,0,0
1528165830063,10,getStationByName,200,,Stations 1-2,text,true,,212713,179,2,2,7,0,0
1528165830073,1,updateStation,200,,Stations 1-2,text,true,,270,303,2,2,1,0,0
1528165830070,10,getStationByName,200,,Stations 1-1,text,true,,212819,179,2,2,8,0,0
1528165830080,2,updateStation,200,,Stations 1-1,text,true,,270,303,2,2,2,0,0
1528165830075,9,getHdStations,200,,Stations 1-2,text,true,,212924,133,2,2,7,0,0
1528165830085,1,createStation,200,,Stations 1-2,text,true,,214,276,2,2,1,0,0
1528165830086,1,getStationByID,200,,Stations 1-2,text,true,,270,162,2,2,1,0,0
1528165830082,9,getHdStations,200,,Stations 1-1,text,true,,212924,133,2,2,7,0,0
1528165830092,1,createStation,200,,Stations 1-1,text,true,,214,276,2,2,1,0,0
1528165830093,1,getStationByID,200,,Stations 1-1,text,true,,270,162,2,2,1,0,0
1528165830087,9,getStationByName,200,,Stations 1-2,text,true,,212925,179,2,2,6,0,0
1528165830096,1,updateStation,200,,Stations 1-2,text,true,,270,303,2,2,1,0,0
1528165830094,10,getStationByName,200,,Stations 1-1,text,true,,213031,179,2,2,7,0,0
1528165830104,1,updateStation,200,,Stations 1-1,text,true,,270,303,2,2,1,0,0
1528165830097,11,getHdStations,200,,Stations 1-2,text,true,,213136,133,2,2,8,0,0
1528165830108,2,createStation,200,,Stations 1-2,text,true,,214,276,2,2,2,0,0
1528165830110,0,getStationByID,200,,Stations 1-2,text,true,,270,162,2,2,0,0,0
1528165830105,9,getHdStations,200,,Stations 1-1,text,true,,213136,133,2,2,7,0,0
1528165830115,1,createStation,200,,Stations 1-1,text,true,,214,276,2,2,1,0,0
1528165830116,1,getStationByID,200,,Stations 1-1,text,true,,270,162,2,2,1,0,0
1528165830111,8,getStationByName,200,,Stations 1-2,text,true,,213137,179,2,2,5,0,0
1528165830119,1,updateStation,200,,Stations 1-2,text,true,,270,303,2,2,1,0,0
1528165830117,8,getStationByName,200,,Stations 1-1,text,true,,213243,179,2,2,6,0,0
1528165830125,2,updateStation,200,,Stations 1-1,text,true,,270,303,2,2,1,0,0
1528165830120,12,getHdStations,200,,Stations 1-2,text,true,,213348,133,2,2,9,0,0
1528165830132,1,createStation,200,,Stations 1-2,text,true,,214,276,2,2,1,0,0
1528165830133,1,getStationByID,200,,Stations 1-2,text,true,,270,162,2,2,1,0,0
1528165830127,9,getHdStations,200,,Stations 1-1,text,true,,213348,133,2,2,6,0,0
1528165830136,2,createStation,200,,Stations 1-1,text,true,,214,276,2,2,2,0,0
1528165830138,1,getStationByID,200,,Stations 1-1,text,true,,270,162,2,2,1,0,0
1528165830134,9,getStationByName,200,,Stations 1-2,text,true,,213349,179,2,2,7,0,0
1528165830143,1,updateStation,200,,Stations 1-2,text,true,,270,303,2,2,1,0,0
1528165830139,8,getStationByName,200,,Stations 1-1,text,true,,213461,179,2,2,5,0,0
1528165830147,1,updateStation,200,,Stations 1-1,text,true,,270,303,2,2,1,0,0
1528165830145,12,getHdStations,200,,Stations 1-2,text,true,,213566,133,3,3,9,0,0
1528165830149,9,getHdStations,200,,Stations 1-1,text,true,,213566,133,3,3,6,0,0
1528165830158,1,createStation,200,,Stations 1-2,text,true,,214,276,3,3,1,0,0
1528165830158,1,createStation,200,,Stations 1-1,text,true,,214,276,3,3,1,0,0
1528165830159,1,getStationByID,200,,Stations 1-2,text,true,,270,162,3,3,1,0,0
1528165830159,1,getStationByID,200,,Stations 1-1,text,true,,270,162,3,3,1,0,0
1528165830150,12,getHdStations,200,,Stations 1-3,text,true,,213566,133,3,3,9,0,0
1528165830162,1,createStation,200,,Stations 1-3,text,true,,214,276,3,3,1,0,0
1528165830164,0,getStationByID,200,,Stations 1-3,text,true,,270,162,3,3,0,0,0
1528165830160,10,getStationByName,200,,Stations 1-2,text,true,,213674,179,3,3,7,0,0
1528165830160,11,getStationByName,200,,Stations 1-1,text,true,,213674,179,3,3,8,0,0
1528165830171,1,updateStation,200,,Stations 1-2,text,true,,270,303,3,3,1,0,0
1528165830171,1,updateStation,200,,Stations 1-1,text,true,,270,303,3,3,1,0,0
1528165830164,11,getStationByName,200,,Stations 1-3,text,true,,213780,179,3,3,9,0,0
1528165830175,2,updateStation,200,,Stations 1-3,text,true,,270,303,3,3,1,0,0
1528165830172,11,getHdStations,200,,Stations 1-1,text,true,,213885,133,3,3,8,0,0
1528165830172,12,getHdStations,200,,Stations 1-2,text,true,,213885,133,3,3,9,0,0
1528165830183,2,createStation,200,,Stations 1-1,text,true,,214,276,3,3,2,0,0
1528165830184,2,createStation,200,,Stations 1-2,text,true,,214,276,3,3,2,0,0
1528165830185,1,getStationByID,200,,Stations 1-1,text,true,,270,162,3,3,1,0,0
1528165830177,9,getHdStations,200,,Stations 1-3,text,true,,213885,133,3,3,6,0,0
1528165830187,1,createStation,200,,Stations 1-3,text,true,,214,276,3,3,1,0,0
1528165830186,2,getStationByID,200,,Stations 1-2,text,true,,270,162,3,3,2,0,0
1528165830188,2,getStationByID,200,,Stations 1-3,text,true,,270,162,3,3,2,0,0
1528165830186,9,getStationByName,200,,Stations 1-1,text,true,,213992,179,3,3,6,0,0
1528165830195,2,updateStation,200,,Stations 1-1,text,true,,270,303,3,3,2,0,0
1528165830188,10,getStationByName,200,,Stations 1-2,text,true,,214098,179,3,3,7,0,0
1528165830190,9,getStationByName,200,,Stations 1-3,text,true,,214098,179,3,3,6,0,0
1528165830198,3,updateStation,200,,Stations 1-2,text,true,,270,303,3,3,3,0,0
1528165830199,3,updateStation,200,,Stations 1-3,text,true,,270,303,3,3,3,0,0
1528165830197,13,getHdStations,200,,Stations 1-1,text,true,,214203,133,3,3,10,0,0
1528165830210,2,createStation,200,,Stations 1-1,text,true,,214,276,3,3,2,0,0
1528165830202,10,getHdStations,200,,Stations 1-3,text,true,,214203,133,3,3,7,0,0
1528165830212,1,getStationByID,200,,Stations 1-1,text,true,,270,162,3,3,1,0,0
1528165830201,12,getHdStations,200,,Stations 1-2,text,true,,214203,133,3,3,9,0,0
1528165830213,2,createStation,200,,Stations 1-2,text,true,,214,276,3,3,2,0,0
1528165830213,2,createStation,200,,Stations 1-3,text,true,,214,276,3,3,2,0,0
1528165830215,1,getStationByID,200,,Stations 1-3,text,true,,270,162,3,3,1,0,0
1528165830215,1,getStationByID,200,,Stations 1-2,text,true,,270,162,3,3,1,0,0
1528165830213,9,getStationByName,200,,Stations 1-1,text,true,,214204,179,3,3,6,0,0
1528165830223,1,updateStation,200,,Stations 1-1,text,true,,270,303,3,3,1,0,0
1528165830216,9,getStationByName,200,,Stations 1-3,text,true,,214416,179,2,2,7,0,0
1528165830226,1,updateStation,200,,Stations 1-3,text,true,,270,303,2,2,1,0,0
1528165830216,11,getStationByName,200,,Stations 1-2,text,true,,214416,179,2,2,9,0,0
1528165830227,3,updateStation,200,,Stations 1-2,text,true,,270,303,2,2,3,0,0
1528165830227,9,getHdStations,200,,Stations 1-3,text,true,,214521,133,2,2,6,0,0
1528165830236,2,createStation,200,,Stations 1-3,text,true,,214,276,2,2,2,0,0
1528165830238,1,getStationByID,200,,Stations 1-3,text,true,,270,162,2,2,1,0,0
1528165830230,9,getHdStations,200,,Stations 1-2,text,true,,214521,133,2,2,6,0,0
1528165830239,2,createStation,200,,Stations 1-2,text,true,,214,276,2,2,2,0,0
1528165830241,1,getStationByID,200,,Stations 1-2,text,true,,270,162,2,2,1,0,0
1528165830239,10,getStationByName,200,,Stations 1-3,text,true,,214522,179,2,2,7,0,0
1528165830249,1,updateStation,200,,Stations 1-3,text,true,,270,303,2,2,1,0,0
1528165830242,10,getStationByName,200,,Stations 1-2,text,true,,214628,179,2,2,7,0,0
1528165830252,1,updateStation,200,,Stations 1-2,text,true,,270,303,2,2,1,0,0
1528165830250,8,getHdStations,200,,Stations 1-3,text,true,,214733,133,2,2,6,0,0
1528165830259,1,createStation,200,,Stations 1-3,text,true,,214,276,2,2,1,0,0
1528165830260,1,getStationByID,200,,Stations 1-3,text,true,,270,162,2,2,1,0,0
1528165830254,7,getHdStations,200,,Stations 1-2,text,true,,214733,133,2,2,5,0,0
1528165830262,1,createStation,200,,Stations 1-2,text,true,,214,276,2,2,1,0,0
1528165830263,1,getStationByID,200,,Stations 1-2,text,true,,270,162,2,2,1,0,0
1528165830261,8,getStationByName,200,,Stations 1-3,text,true,,214734,179,2,2,5,0,0
1528165830269,1,updateStation,200,,Stations 1-3,text,true,,270,303,2,2,1,0,0
1528165830264,8,getStationByName,200,,Stations 1-2,text,true,,214840,179,3,3,6,0,0
1528165830272,3,updateStation,200,,Stations 1-2,text,true,,270,303,3,3,3,0,0
1528165830270,11,getHdStations,200,,Stations 1-3,text,true,,214945,133,3,3,8,0,0
1528165830272,9,getHdStations,200,,Stations 1-4,text,true,,214945,133,3,3,6,0,0
1528165830281,1,createStation,200,,Stations 1-4,text,true,,214,276,3,3,1,0,0
1528165830281,1,createStation,200,,Stations 1-3,text,true,,214,276,3,3,1,0,0
1528165830282,1,getStationByID,200,,Stations 1-4,text,true,,270,162,3,3,1,0,0
1528165830283,0,getStationByID,200,,Stations 1-3,text,true,,270,162,3,3,0,0,0
1528165830275,11,getHdStations,200,,Stations 1-2,text,true,,214945,133,3,3,8,0,0
1528165830287,1,createStation,200,,Stations 1-2,text,true,,214,276,3,3,1,0,0
1528165830288,1,getStationByID,200,,Stations 1-2,text,true,,270,162,3,3,1,0,0
1528165830283,9,getStationByName,200,,Stations 1-4,text,true,,215052,179,3,3,7,0,0
1528165830293,1,updateStation,200,,Stations 1-4,text,true,,270,303,3,3,1,0,0
1528165830283,13,getStationByName,200,,Stations 1-3,text,true,,215052,179,3,3,10,0,0
1528165830296,2,updateStation,200,,Stations 1-3,text,true,,270,303,3,3,1,0,0
1528165830289,12,getStationByName,200,,Stations 1-2,text,true,,215158,179,3,3,9,0,0
1528165830302,1,updateStation,200,,Stations 1-2,text,true,,270,303,3,3,1,0,0
1528165830294,12,getHdStations,200,,Stations 1-4,text,true,,215263,133,2,2,9,0,0
1528165830306,2,createStation,200,,Stations 1-4,text,true,,214,276,2,2,2,0,0
1528165830308,0,getStationByID,200,,Stations 1-4,text,true,,270,162,2,2,0,0,0
1528165830298,11,getHdStations,200,,Stations 1-3,text,true,,215263,133,2,2,9,0,0
1528165830309,2,createStation,200,,Stations 1-3,text,true,,214,276,2,2,2,0,0
1528165830311,1,getStationByID,200,,Stations 1-3,text,true,,270,162,2,2,0,0,0
1528165830309,10,getStationByName,200,,Stations 1-4,text,true,,215264,179,2,2,7,0,0
1528165830319,1,updateStation,200,,Stations 1-4,text,true,,270,303,2,2,1,0,0
1528165830312,10,getStationByName,200,,Stations 1-3,text,true,,215370,179,2,2,8,0,0
1528165830322,1,updateStation,200,,Stations 1-3,text,true,,270,303,2,2,1,0,0
1528165830321,8,getHdStations,200,,Stations 1-4,text,true,,215475,133,2,2,5,0,0
1528165830329,1,createStation,200,,Stations 1-4,text,true,,214,276,2,2,1,0,0
1528165830330,1,getStationByID,200,,Stations 1-4,text,true,,270,162,2,2,1,0,0
1528165830323,8,getHdStations,200,,Stations 1-3,text,true,,215475,133,2,2,6,0,0
1528165830331,2,createStation,200,,Stations 1-3,text,true,,214,276,2,2,2,0,0
1528165830333,1,getStationByID,200,,Stations 1-3,text,true,,270,162,2,2,1,0,0
1528165830331,9,getStationByName,200,,Stations 1-4,text,true,,215476,179,2,2,7,0,0
1528165830340,2,updateStation,200,,Stations 1-4,text,true,,270,303,2,2,2,0,0
1528165830334,10,getStationByName,200,,Stations 1-3,text,true,,215582,179,2,2,8,0,0
1528165830344,2,updateStation,200,,Stations 1-3,text,true,,270,303,2,2,2,0,0
1528165830342,9,getHdStations,200,,Stations 1-4,text,true,,215687,133,2,2,7,0,0
1528165830352,1,createStation,200,,Stations 1-4,text,true,,214,276,2,2,1,0,0
1528165830353,1,getStationByID,200,,Stations 1-4,text,true,,270,162,2,2,1,0,0
1528165830346,8,getHdStations,200,,Stations 1-3,text,true,,215687,133,2,2,6,0,0
1528165830355,1,createStation,200,,Stations 1-3,text,true,,214,276,2,2,1,0,0
1528165830356,1,getStationByID,200,,Stations 1-3,text,true,,270,162,2,2,1,0,0
1528165830354,8,getStationByName,200,,Stations 1-4,text,true,,215688,179,2,2,5,0,0
1528165830362,1,updateStation,200,,Stations 1-4,text,true,,270,303,2,2,1,0,0
1528165830357,7,getStationByName,200,,Stations 1-3,text,true,,215794,179,2,2,5,0,0
1528165830364,3,updateStation,200,,Stations 1-3,text,true,,270,303,2,2,3,0,0
1528165830363,12,getHdStations,200,,Stations 1-4,text,true,,215899,133,3,3,9,0,0
1528165830367,17,getHdStations,200,,Stations 1-3,text,true,,215899,133,3,3,13,0,0
1528165830372,13,getHdStations,200,,Stations 1-5,text,true,,215899,133,3,3,10,0,0
1528165830376,10,createStation,200,,Stations 1-4,text,true,,214,276,3,3,9,0,0
1528165830384,2,createStation,200,,Stations 1-3,text,true,,214,276,3,3,2,0,0
1528165830385,2,createStation,200,,Stations 1-5,text,true,,214,276,3,3,2,0,0
1528165830386,1,getStationByID,200,,Stations 1-4,text,true,,270,162,3,3,1,0,0
1528165830387,0,getStationByID,200,,Stations 1-5,text,true,,270,162,3,3,0,0,0
1528165830386,6,getStationByID,200,,Stations 1-3,text,true,,270,162,3,3,6,0,0
1528165830387,12,getStationByName,200,,Stations 1-4,text,true,,216112,179,3,3,9,0,0
1528165830399,3,updateStation,200,,Stations 1-4,text,true,,270,303,3,3,3,0,0
1528165830387,19,getStationByName,200,,Stations 1-5,text,true,,216112,179,3,3,12,0,0
1528165830407,1,updateStation,200,,Stations 1-5,text,true,,270,303,3,3,1,0,0
1528165830392,23,getStationByName,200,,Stations 1-3,text,true,,216112,179,3,3,17,0,0
1528165830402,13,getHdStations,200,,Stations 1-4,text,true,,216217,133,3,3,10,0,0
1528165830415,2,updateStation,200,,Stations 1-3,text,true,,270,303,3,3,2,0,0
1528165830416,1,createStation,200,,Stations 1-4,text,true,,214,276,2,2,1,0,0
1528165830417,1,getStationByID,200,,Stations 1-4,text,true,,270,162,2,2,1,0,0
1528165830408,14,getHdStations,200,,Stations 1-5,text,true,,216217,133,2,2,11,0,0
1528165830422,2,createStation,200,,Stations 1-5,text,true,,214,276,2,2,2,0,0
1528165830424,1,getStationByID,200,,Stations 1-5,text,true,,270,162,2,2,1,0,0
1528165830419,11,getStationByName,200,,Stations 1-4,text,true,,216218,179,2,2,9,0,0
1528165830430,2,updateStation,200,,Stations 1-4,text,true,,270,303,2,2,2,0,0
1528165830425,13,getStationByName,200,,Stations 1-5,text,true,,216324,179,2,2,10,0,0
1528165830438,1,updateStation,200,,Stations 1-5,text,true,,270,303,2,2,1,0,0
1528165830432,10,getHdStations,200,,Stations 1-4,text,true,,216429,133,2,2,7,0,0
1528165830442,2,createStation,200,,Stations 1-4,text,true,,214,276,2,2,2,0,0
1528165830444,1,getStationByID,200,,Stations 1-4,text,true,,270,162,2,2,1,0,0
1528165830439,13,getHdStations,200,,Stations 1-5,text,true,,216429,133,3,3,9,0,0
1528165830452,5,createStation,200,,Stations 1-5,text,true,,214,276,3,3,5,0,0
1528165830457,1,getStationByID,200,,Stations 1-5,text,true,,270,162,3,3,1,0,0
1528165830446,15,getStationByName,200,,Stations 1-4,text,true,,216430,179,3,3,11,0,0
1528165830461,2,updateStation,200,,Stations 1-4,text,true,,270,303,3,3,1,0,0
1528165830451,16,getHdStations,200,,Stations 1-6,text,true,,216535,133,3,3,13,0,0
1528165830467,2,createStation,200,,Stations 1-6,text,true,,214,276,3,3,2,0,0
1528165830458,13,getStationByName,200,,Stations 1-5,text,true,,216536,179,3,3,9,0,0
1528165830469,2,getStationByID,200,,Stations 1-6,text,true,,270,162,3,3,1,0,0
1528165830471,2,updateStation,200,,Stations 1-5,text,true,,270,303,3,3,2,0,0
1528165830463,13,getHdStations,200,,Stations 1-4,text,true,,216641,133,3,3,10,0,0
1528165830476,2,createStation,200,,Stations 1-4,text,true,,214,276,3,3,1,0,0
1528165830478,0,getStationByID,200,,Stations 1-4,text,true,,270,162,3,3,0,0,0
1528165830471,9,getStationByName,200,,Stations 1-6,text,true,,216642,179,3,3,7,0,0
1528165830481,1,updateStation,200,,Stations 1-6,text,true,,270,303,3,3,1,0,0
1528165830474,10,getHdStations,200,,Stations 1-5,text,true,,216747,133,3,3,8,0,0
1528165830485,1,createStation,200,,Stations 1-5,text,true,,214,276,3,3,1,0,0
1528165830486,1,getStationByID,200,,Stations 1-5,text,true,,270,162,3,3,1,0,0
1528165830479,11,getStationByName,200,,Stations 1-4,text,true,,216748,179,3,3,8,0,0
1528165830490,1,updateStation,200,,Stations 1-4,text,true,,270,303,3,3,1,0,0
1528165830482,11,getHdStations,200,,Stations 1-6,text,true,,216853,133,3,3,8,0,0
1528165830494,1,createStation,200,,Stations 1-6,text,true,,214,276,3,3,1,0,0
1528165830495,1,getStationByID,200,,Stations 1-6,text,true,,270,162,3,3,1,0,0
1528165830487,10,getStationByName,200,,Stations 1-5,text,true,,216854,179,3,3,8,0,0
1528165830497,2,updateStation,200,,Stations 1-5,text,true,,270,303,3,3,2,0,0
1528165830491,13,getHdStations,200,,Stations 1-4,text,true,,216959,133,3,3,11,0,0
1528165830505,1,createStation,200,,Stations 1-4,text,true,,214,276,3,3,1,0,0
1528165830496,10,getStationByName,200,,Stations 1-6,text,true,,216960,179,3,3,8,0,0
1528165830506,1,getStationByID,200,,Stations 1-4,text,true,,270,162,3,3,1,0,0
1528165830506,2,updateStation,200,,Stations 1-6,text,true,,270,303,3,3,1,0,0
1528165830499,10,getHdStations,200,,Stations 1-5,text,true,,217065,133,3,3,8,0,0
1528165830510,1,createStation,200,,Stations 1-5,text,true,,214,276,3,3,1,0,0
1528165830512,0,getStationByID,200,,Stations 1-5,text,true,,270,162,3,3,0,0,0
1528165830507,10,getStationByName,200,,Stations 1-4,text,true,,217066,179,3,3,7,0,0
1528165830508,11,getHdStations,200,,Stations 1-6,text,true,,217171,133,3,3,8,0,0
1528165830517,3,updateStation,200,,Stations 1-4,text,true,,270,303,3,3,3,0,0
1528165830512,11,getStationByName,200,,Stations 1-5,text,true,,217172,179,3,3,8,0,0
1528165830519,4,createStation,200,,Stations 1-6,text,true,,214,276,3,3,4,0,0
1528165830523,1,getStationByID,200,,Stations 1-6,text,true,,270,162,3,3,1,0,0
1528165830523,1,updateStation,200,,Stations 1-5,text,true,,270,303,3,3,1,0,0
1528165830520,10,getHdStations,200,,Stations 1-4,text,true,,217277,133,3,3,8,0,0
1528165830530,2,createStation,200,,Stations 1-4,text,true,,214,276,3,3,2,0,0
1528165830532,1,getStationByID,200,,Stations 1-4,text,true,,270,162,3,3,1,0,0
1528165830524,11,getHdStations,200,,Stations 1-5,text,true,,217383,133,3,3,7,0,0
1528165830524,14,getStationByName,200,,Stations 1-6,text,true,,217278,179,3,3,10,0,0
1528165830536,3,createStation,200,,Stations 1-5,text,true,,214,276,3,3,3,0,0
1528165830540,0,getStationByID,200,,Stations 1-5,text,true,,270,162,3,3,0,0,0
1528165830533,16,getStationByName,200,,Stations 1-4,text,true,,217384,179,3,3,13,0,0
1528165830538,6,updateStation,200,,Stations 1-6,text,true,,270,303,3,3,6,0,0
1528165830549,2,updateStation,200,,Stations 1-4,text,true,,270,303,4,4,1,0,0
1528165830541,15,getStationByName,200,,Stations 1-5,text,true,,217491,179,3,3,12,0,0
1528165830556,2,updateStation,200,,Stations 1-5,text,true,,270,303,3,3,1,0,0
1528165830551,12,getHdStations,200,,Stations 1-7,text,true,,217596,133,3,3,10,0,0
1528165830564,1,createStation,200,,Stations 1-7,text,true,,214,276,3,3,1,0,0
1528165830565,1,getStationByID,200,,Stations 1-7,text,true,,270,162,3,3,1,0,0
1528165830551,15,getHdStations,200,,Stations 1-6,text,true,,217596,133,3,3,12,0,0
1528165830558,9,getHdStations,200,,Stations 1-5,text,true,,217596,133,3,3,6,0,0
1528165830568,1,createStation,200,,Stations 1-5,text,true,,214,276,3,3,1,0,0
1528165830566,3,createStation,200,,Stations 1-6,text,true,,214,276,3,3,3,0,0
1528165830569,1,getStationByID,200,,Stations 1-5,text,true,,270,162,3,3,1,0,0
1528165830569,1,getStationByID,200,,Stations 1-6,text,true,,270,162,3,3,1,0,0
1528165830566,11,getStationByName,200,,Stations 1-7,text,true,,217597,179,3,3,8,0,0
1528165830577,1,updateStation,200,,Stations 1-7,text,true,,270,303,3,3,1,0,0
1528165830570,11,getStationByName,200,,Stations 1-6,text,true,,217809,179,3,3,8,0,0
1528165830570,11,getStationByName,200,,Stations 1-5,text,true,,217809,179,3,3,8,0,0
1528165830581,1,updateStation,200,,Stations 1-5,text,true,,270,303,3,3,1,0,0
1528165830581,1,updateStation,200,,Stations 1-6,text,true,,270,303,3,3,1,0,0
1528165830578,11,getHdStations,200,,Stations 1-7,text,true,,217914,133,3,3,9,0,0
1528165830590,2,createStation,200,,Stations 1-7,text,true,,214,276,3,3,1,0,0
1528165830592,1,getStationByID,200,,Stations 1-7,text,true,,270,162,3,3,0,0,0
1528165830582,11,getHdStations,200,,Stations 1-5,text,true,,217914,133,3,3,8,0,0
1528165830582,11,getHdStations,200,,Stations 1-6,text,true,,217914,133,3,3,8,0,0
1528165830593,2,createStation,200,,Stations 1-5,text,true,,214,276,3,3,2,0,0
1528165830593,2,createStation,200,,Stations 1-6,text,true,,214,276,3,3,2,0,0
1528165830595,1,getStationByID,200,,Stations 1-6,text,true,,270,162,3,3,1,0,0
1528165830595,1,getStationByID,200,,Stations 1-5,text,true,,270,162,3,3,1,0,0
1528165830593,10,getStationByName,200,,Stations 1-7,text,true,,217915,179,3,3,7,0,0
1528165830604,1,updateStation,200,,Stations 1-7,text,true,,270,303,3,3,1,0,0
1528165830596,10,getStationByName,200,,Stations 1-6,text,true,,218127,179,3,3,8,0,0
1528165830596,11,getStationByName,200,,Stations 1-5,text,true,,218127,179,3,3,8,0,0
1528165830607,1,updateStation,200,,Stations 1-5,text,true,,270,303,3,3,1,0,0
1528165830607,1,updateStation,200,,Stations 1-6,text,true,,270,303,3,3,1,0,0
1528165830605,11,getHdStations,200,,Stations 1-7,text,true,,218232,133,3,3,8,0,0
1528165830617,1,createStation,200,,Stations 1-7,text,true,,214,276,3,3,1,0,0
1528165830608,11,getHdStations,200,,Stations 1-5,text,true,,218232,133,3,3,8,0,0
1528165830618,2,getStationByID,200,,Stations 1-7,text,true,,270,162,3,3,2,0,0
1528165830619,1,createStation,200,,Stations 1-5,text,true,,214,276,3,3,1,0,0
1528165830608,13,getHdStations,200,,Stations 1-6,text,true,,218232,133,3,3,10,0,0
1528165830622,1,createStation,200,,Stations 1-6,text,true,,214,276,3,3,1,0,0
1528165830623,2,getStationByID,200,,Stations 1-6,text,true,,270,162,3,3,2,0,0
1528165830621,6,getStationByID,200,,Stations 1-5,text,true,,270,162,3,3,6,0,0
1528165830620,14,getStationByName,200,,Stations 1-7,text,true,,218339,179,3,3,10,0,0
1528165830634,2,updateStation,200,,Stations 1-7,text,true,,270,303,3,3,2,0,0
1528165830625,12,getStationByName,200,,Stations 1-6,text,true,,218445,179,3,3,8,0,0
1528165830627,12,getStationByName,200,,Stations 1-5,text,true,,218445,179,3,3,9,0,0
1528165830637,6,updateStation,200,,Stations 1-6,text,true,,270,303,3,3,6,0,0
1528165830639,8,updateStation,200,,Stations 1-5,text,true,,270,303,3,3,7,0,0
1528165830636,13,getHdStations,200,,Stations 1-7,text,true,,218550,133,3,3,10,0,0
1528165830649,2,createStation,200,,Stations 1-7,text,true,,214,276,3,3,1,0,0
1528165830651,1,getStationByID,200,,Stations 1-7,text,true,,270,162,3,3,1,0,0
1528165830643,12,getHdStations,200,,Stations 1-6,text,true,,218550,133,3,3,9,0,0
1528165830655,2,createStation,200,,Stations 1-6,text,true,,214,276,3,3,2,0,0
1528165830657,1,getStationByID,200,,Stations 1-6,text,true,,270,162,3,3,1,0,0
1528165830647,12,getHdStations,200,,Stations 1-5,text,true,,218550,133,3,3,9,0,0
1528165830659,1,createStation,200,,Stations 1-5,text,true,,214,276,3,3,1,0,0
1528165830660,1,getStationByID,200,,Stations 1-5,text,true,,270,162,3,3,1,0,0
1528165830652,12,getStationByName,200,,Stations 1-7,text,true,,218551,179,3,3,8,0,0
1528165830664,2,updateStation,200,,Stations 1-7,text,true,,270,303,3,3,2,0,0
1528165830658,12,getStationByName,200,,Stations 1-6,text,true,,218657,179,3,3,8,0,0
1528165830670,2,updateStation,200,,Stations 1-6,text,true,,270,303,4,4,2,0,0
1528165830662,12,getStationByName,200,,Stations 1-5,text,true,,218763,179,4,4,9,0,0
1528165830674,4,updateStation,200,,Stations 1-5,text,true,,270,303,4,4,4,0,0
1528165830666,16,getHdStations,200,,Stations 1-7,text,true,,218868,133,3,3,12,0,0
1528165830682,1,createStation,200,,Stations 1-7,text,true,,214,276,3,3,1,0,0
1528165830672,12,getHdStations,200,,Stations 1-6,text,true,,218868,133,3,3,9,0,0
1528165830684,1,getStationByID,200,,Stations 1-7,text,true,,270,162,3,3,1,0,0
1528165830685,2,createStation,200,,Stations 1-6,text,true,,214,276,3,3,2,0,0
1528165830672,15,getHdStations,200,,Stations 1-8,text,true,,218868,133,3,3,12,0,0
1528165830687,1,getStationByID,200,,Stations 1-6,text,true,,270,162,3,3,1,0,0
1528165830688,1,createStation,200,,Stations 1-8,text,true,,214,276,3,3,1,0,0
1528165830689,1,getStationByID,200,,Stations 1-8,text,true,,270,162,3,3,1,0,0
1528165830685,9,getStationByName,200,,Stations 1-7,text,true,,218869,179,3,3,6,0,0
1528165830694,1,updateStation,200,,Stations 1-7,text,true,,270,303,3,3,1,0,0
1528165830690,10,getStationByName,200,,Stations 1-8,text,true,,219081,179,3,3,7,0,0
1528165830688,12,getStationByName,200,,Stations 1-6,text,true,,219081,179,3,3,9,0,0
1528165830700,2,updateStation,200,,Stations 1-6,text,true,,270,303,3,3,1,0,0
1528165830700,2,updateStation,200,,Stations 1-8,text,true,,270,303,3,3,2,0,0
1528165830695,13,getHdStations,200,,Stations 1-7,text,true,,219186,133,3,3,10,0,0
1528165830709,1,createStation,200,,Stations 1-7,text,true,,214,276,3,3,1,0,0
1528165830702,8,getHdStations,200,,Stations 1-6,text,true,,219186,133,3,3,5,0,0
1528165830710,1,getStationByID,200,,Stations 1-7,text,true,,270,162,3,3,1,0,0
1528165830710,1,createStation,200,,Stations 1-6,text,true,,214,276,3,3,1,0,0
1528165830711,3,getStationByID,200,,Stations 1-6,text,true,,270,162,3,3,3,0,0
1528165830702,12,getHdStations,200,,Stations 1-8,text,true,,219186,133,3,3,9,0,0
1528165830714,2,createStation,200,,Stations 1-8,text,true,,214,276,3,3,2,0,0
1528165830716,1,getStationByID,200,,Stations 1-8,text,true,,270,162,3,3,1,0,0
1528165830711,10,getStationByName,200,,Stations 1-7,text,true,,219293,179,3,3,7,0,0
1528165830721,2,updateStation,200,,Stations 1-7,text,true,,270,303,3,3,2,0,0
1528165830714,10,getStationByName,200,,Stations 1-6,text,true,,219293,179,3,3,8,0,0
1528165830724,2,updateStation,200,,Stations 1-6,text,true,,270,303,3,3,2,0,0
1528165830717,11,getStationByName,200,,Stations 1-8,text,true,,219399,179,3,3,9,0,0
1528165830728,2,updateStation,200,,Stations 1-8,text,true,,270,303,3,3,2,0,0
1528165830726,10,getHdStations,200,,Stations 1-6,text,true,,219504,133,3,3,8,0,0
1528165830723,14,getHdStations,200,,Stations 1-7,text,true,,219504,133,3,3,10,0,0
1528165830737,1,createStation,200,,Stations 1-6,text,true,,214,276,3,3,1,0,0
1528165830738,2,createStation,200,,Stations 1-7,text,true,,214,276,3,3,1,0,0
1528165830739,1,getStationByID,200,,Stations 1-6,text,true,,270,162,3,3,1,0,0
1528165830740,0,getStationByID,200,,Stations 1-7,text,true,,270,162,3,3,0,0,0
1528165830730,12,getHdStations,200,,Stations 1-8,text,true,,219504,133,3,3,10,0,0
1528165830743,1,createStation,200,,Stations 1-8,text,true,,214,276,3,3,1,0,0
1528165830744,1,getStationByID,200,,Stations 1-8,text,true,,270,162,3,3,1,0,0
1528165830740,11,getStationByName,200,,Stations 1-6,text,true,,219611,179,3,3,8,0,0
1528165830740,13,getStationByName,200,,Stations 1-7,text,true,,219611,179,3,3,10,0,0
1528165830751,2,updateStation,200,,Stations 1-6,text,true,,270,303,3,3,2,0,0
1528165830745,9,getStationByName,200,,Stations 1-8,text,true,,219717,179,2,2,6,0,0
1528165830753,2,updateStation,200,,Stations 1-7,text,true,,270,303,2,2,2,0,0
1528165830755,2,updateStation,200,,Stations 1-8,text,true,,270,303,2,2,2,0,0
1528165830755,10,getHdStations,200,,Stations 1-7,text,true,,219822,133,2,2,7,0,0
1528165830765,1,createStation,200,,Stations 1-7,text,true,,214,276,2,2,1,0,0
1528165830767,1,getStationByID,200,,Stations 1-7,text,true,,270,162,2,2,1,0,0
1528165830757,14,getHdStations,200,,Stations 1-8,text,true,,219822,133,2,2,9,0,0
1528165830772,2,createStation,200,,Stations 1-8,text,true,,214,276,3,3,2,0,0
1528165830774,7,getStationByID,200,,Stations 1-8,text,true,,270,162,3,3,7,0,0
1528165830768,23,getStationByName,200,,Stations 1-7,text,true,,219823,179,3,3,18,0,0
1528165830773,20,getHdStations,200,,Stations 1-9,text,true,,220034,133,3,3,15,0,0
1528165830791,3,updateStation,200,,Stations 1-7,text,true,,270,303,3,3,2,0,0
1528165830781,19,getStationByName,200,,Stations 1-8,text,true,,219929,179,3,3,15,0,0
1528165830793,10,createStation,200,,Stations 1-9,text,true,,214,276,3,3,10,0,0
1528165830800,3,updateStation,200,,Stations 1-8,text,true,,270,303,3,3,3,0,0
1528165830803,1,getStationByID,200,,Stations 1-9,text,true,,270,162,3,3,1,0,0
1528165830794,13,getHdStations,200,,Stations 1-7,text,true,,220034,133,3,3,9,0,0
1528165830803,16,getHdStations,200,,Stations 1-8,text,true,,220140,133,3,3,12,0,0
1528165830808,13,createStation,200,,Stations 1-7,text,true,,214,276,3,3,13,0,0
1528165830820,3,createStation,200,,Stations 1-8,text,true,,214,276,3,3,2,0,0
1528165830804,19,getStationByName,200,,Stations 1-9,text,true,,220035,179,3,3,15,0,0
1528165830821,3,getStationByID,200,,Stations 1-7,text,true,,270,162,3,3,3,0,0
1528165830823,2,getStationByID,200,,Stations 1-8,text,true,,270,162,3,3,2,0,0
1528165830824,2,updateStation,200,,Stations 1-9,text,true,,270,303,3,3,2,0,0
1528165830824,16,getStationByName,200,,Stations 1-7,text,true,,220247,179,3,3,12,0,0
1528165830825,16,getStationByName,200,,Stations 1-8,text,true,,220247,179,3,3,13,0,0
1528165830840,1,updateStation,200,,Stations 1-7,text,true,,270,303,3,3,1,0,0
1528165830826,34,getHdStations,200,,Stations 1-9,text,true,,220352,133,4,4,28,0,0
1528165830851,17,getHdStations,200,,Stations 1-10,text,true,,220352,133,4,4,14,0,0
1528165830842,26,getHdStations,200,,Stations 1-7,text,true,,220352,133,4,4,23,0,0
1528165830860,9,createStation,200,,Stations 1-9,text,true,,214,276,4,4,9,0,0
1528165830868,3,createStation,200,,Stations 1-10,text,true,,214,276,4,4,2,0,0
1528165830869,3,getStationByID,200,,Stations 1-9,text,true,,270,162,4,4,2,0,0
1528165830871,2,getStationByID,200,,Stations 1-10,text,true,,270,162,4,4,2,0,0
1528165830841,36,updateStation,200,,Stations 1-8,text,true,,270,303,4,4,36,0,0
1528165830869,11,createStation,200,,Stations 1-7,text,true,,214,276,4,4,11,0,0
1528165830872,15,getStationByName,200,,Stations 1-9,text,true,,220565,179,4,4,11,0,0
1528165830880,9,getStationByID,200,,Stations 1-7,text,true,,270,162,4,4,8,0,0
1528165830873,16,getStationByName,200,,Stations 1-10,text,true,,220565,179,4,4,13,0,0
1528165830888,3,updateStation,200,,Stations 1-9,text,true,,270,303,4,4,3,0,0
1528165830889,3,updateStation,200,,Stations 1-10,text,true,,270,303,4,4,3,0,0
1528165830878,14,getHdStations,200,,Stations 1-8,text,true,,220670,133,4,4,11,0,0
1528165830889,11,getStationByName,200,,Stations 1-7,text,true,,220565,179,4,4,8,0,0
1528165830893,9,createStation,200,,Stations 1-8,text,true,,214,276,4,4,9,0,0
1528165830900,3,updateStation,200,,Stations 1-7,text,true,,270,303,4,4,3,0,0
1528165830902,2,getStationByID,200,,Stations 1-8,text,true,,270,162,3,3,2,0,0
1528165830893,12,getHdStations,200,,Stations 1-10,text,true,,220670,133,3,3,9,0,0
1528165830906,2,createStation,200,,Stations 1-10,text,true,,214,276,3,3,2,0,0
1528165830908,1,getStationByID,200,,Stations 1-10,text,true,,270,162,3,3,1,0,0
1528165830891,22,getHdStations,200,,Stations 1-9,text,true,,220670,133,3,3,18,0,0
1528165830913,4,createStation,200,,Stations 1-9,text,true,,214,276,3,3,4,0,0
1528165830904,14,getStationByName,200,,Stations 1-8,text,true,,220671,179,3,3,11,0,0
1528165830918,1,getStationByID,200,,Stations 1-9,text,true,,270,162,3,3,1,0,0
1528165830918,3,updateStation,200,,Stations 1-8,text,true,,270,303,3,3,2,0,0
1528165830909,21,getStationByName,200,,Stations 1-10,text,true,,220777,179,3,3,18,0,0
1528165830930,2,updateStation,200,,Stations 1-10,text,true,,270,303,3,3,2,0,0
1528165830919,16,getStationByName,200,,Stations 1-9,text,true,,220883,179,3,3,13,0,0
1528165830921,16,getHdStations,200,,Stations 1-8,text,true,,220988,133,3,3,13,0,0
1528165830935,4,updateStation,200,,Stations 1-9,text,true,,270,303,3,3,4,0,0
1528165830938,1,createStation,200,,Stations 1-8,text,true,,214,276,3,3,1,0,0
1528165830940,1,getStationByID,200,,Stations 1-8,text,true,,270,162,3,3,1,0,0
1528165830932,17,getHdStations,200,,Stations 1-10,text,true,,220988,133,3,3,14,0,0
1528165830949,2,createStation,200,,Stations 1-10,text,true,,214,276,3,3,2,0,0
1528165830951,1,getStationByID,200,,Stations 1-10,text,true,,270,162,3,3,1,0,0
1528165830940,18,getHdStations,200,,Stations 1-9,text,true,,221094,133,3,3,13,0,0
1528165830958,2,createStation,200,,Stations 1-9,text,true,,214,276,4,4,2,0,0
1528165830941,24,getStationByName,200,,Stations 1-8,text,true,,220989,179,4,4,19,0,0
1528165830965,1,updateStation,200,,Stations 1-8,text,true,,270,303,4,4,1,0,0
1528165830960,16,getHdStations,200,,Stations 1-11,text,true,,221306,133,4,4,12,0,0
1528165830976,2,createStation,200,,Stations 1-11,text,true,,214,276,4,4,2,0,0
1528165830978,1,getStationByID,200,,Stations 1-11,text,true,,270,162,4,4,1,0,0
1528165830966,14,getHdStations,200,,Stations 1-8,text,true,,221306,133,4,4,11,0,0
1528165830981,1,createStation,200,,Stations 1-8,text,true,,214,276,4,4,1,0,0
1528165830983,1,getStationByID,200,,Stations 1-8,text,true,,270,162,4,4,0,0,0
1528165830960,29,getStationByID,200,,Stations 1-9,text,true,,270,162,4,4,28,0,0
1528165830953,40,getStationByName,200,,Stations 1-10,text,true,,221095,179,4,4,35,0,0
1528165830979,16,getStationByName,200,,Stations 1-11,text,true,,221307,179,4,4,12,0,0
1528165830993,4,updateStation,200,,Stations 1-10,text,true,,270,303,4,4,4,0,0
1528165830984,17,getStationByName,200,,Stations 1-8,text,true,,221413,179,4,4,14,0,0
1528165830995,8,updateStation,200,,Stations 1-11,text,true,,270,303,4,4,8,0,0
1528165830989,23,getStationByName,200,,Stations 1-9,text,true,,221413,179,4,4,20,0,0
1528165831001,11,updateStation,200,,Stations 1-8,text,true,,270,303,4,4,11,0,0
1528165830997,17,getHdStations,200,,Stations 1-10,text,true,,221518,133,4,4,13,0,0
1528165831014,4,createStation,200,,Stations 1-10,text,true,,214,276,4,4,4,0,0
1528165831012,6,updateStation,200,,Stations 1-9,text,true,,270,303,4,4,6,0,0
1528165831018,1,getStationByID,200,,Stations 1-10,text,true,,270,162,4,4,1,0,0
1528165831003,19,getHdStations,200,,Stations 1-11,text,true,,221518,133,4,4,15,0,0
1528165831023,1,createStation,200,,Stations 1-11,text,true,,214,276,4,4,1,0,0
1528165831024,2,getStationByID,200,,Stations 1-11,text,true,,270,162,4,4,2,0,0
1528165831012,18,getHdStations,200,,Stations 1-8,text,true,,221518,133,4,4,15,0,0
1528165831031,1,createStation,200,,Stations 1-8,text,true,,214,276,4,4,1,0,0
1528165831032,1,getStationByID,200,,Stations 1-8,text,true,,270,162,4,4,1,0,0
1528165831019,14,getHdStations,200,,Stations 1-9,text,true,,221630,133,4,4,12,0,0
1528165831019,18,getStationByName,200,,Stations 1-10,text,true,,221631,179,4,4,14,0,0
1528165831034,4,createStation,200,,Stations 1-9,text,true,,214,276,4,4,4,0,0
1528165831038,1,getStationByID,200,,Stations 1-9,text,true,,270,162,4,4,1,0,0
1528165831027,14,getStationByName,200,,Stations 1-11,text,true,,221631,179,4,4,12,0,0
1528165831037,6,updateStation,200,,Stations 1-10,text,true,,270,303,4,4,6,0,0
1528165831033,15,getStationByName,200,,Stations 1-8,text,true,,221737,179,4,4,10,0,0
1528165831039,14,getStationByName,200,,Stations 1-9,text,true,,221844,179,4,4,9,0,0
1528165831048,2,updateStation,200,,Stations 1-8,text,true,,270,303,4,4,2,0,0
1528165831041,9,updateStation,200,,Stations 1-11,text,true,,270,303,4,4,9,0,0
1528165831043,14,getHdStations,200,,Stations 1-10,text,true,,221949,133,4,4,11,0,0
1528165831057,4,createStation,200,,Stations 1-10,text,true,,214,276,4,4,3,0,0
1528165831061,1,getStationByID,200,,Stations 1-10,text,true,,270,162,4,4,1,0,0
1528165831055,10,updateStation,200,,Stations 1-9,text,true,,270,303,4,4,10,0,0
1528165831055,21,getHdStations,200,,Stations 1-11,text,true,,222055,133,5,5,18,0,0
1528165831055,23,getHdStations,200,,Stations 1-8,text,true,,221949,133,5,5,16,0,0
1528165831076,3,createStation,200,,Stations 1-11,text,true,,214,276,5,5,3,0,0
1528165831080,1,getStationByID,200,,Stations 1-11,text,true,,270,162,5,5,0,0,0
1528165831065,16,getHdStations,200,,Stations 1-9,text,true,,222055,133,5,5,12,0,0
1528165831062,22,getStationByName,200,,Stations 1-10,text,true,,221950,179,5,5,18,0,0
1528165831081,3,createStation,200,,Stations 1-9,text,true,,214,276,5,5,3,0,0
1528165831079,5,createStation,200,,Stations 1-8,text,true,,214,276,5,5,5,0,0
1528165831084,1,getStationByID,200,,Stations 1-9,text,true,,270,162,5,5,1,0,0
1528165831084,2,getStationByID,200,,Stations 1-8,text,true,,270,162,5,5,2,0,0
1528165831084,2,updateStation,200,,Stations 1-10,text,true,,270,303,5,5,2,0,0
1528165831073,15,getHdStations,200,,Stations 1-12,text,true,,222055,133,5,5,11,0,0
1528165831088,2,createStation,200,,Stations 1-12,text,true,,214,276,5,5,2,0,0
1528165831081,13,getStationByName,200,,Stations 1-11,text,true,,222056,179,5,5,9,0,0
1528165831094,2,updateStation,200,,Stations 1-11,text,true,,270,303,5,5,1,0,0
1528165831086,13,getHdStations,200,,Stations 1-10,text,true,,222373,133,5,5,10,0,0
1528165831090,10,getStationByID,200,,Stations 1-12,text,true,,270,162,5,5,10,0,0
1528165831100,1,createStation,200,,Stations 1-10,text,true,,214,276,5,5,1,0,0
1528165831085,18,getStationByName,200,,Stations 1-9,text,true,,222374,179,5,5,16,0,0
1528165831102,3,getStationByID,200,,Stations 1-10,text,true,,270,162,5,5,3,0,0
1528165831103,2,updateStation,200,,Stations 1-9,text,true,,270,303,5,5,2,0,0
1528165831086,22,getStationByName,200,,Stations 1-8,text,true,,222374,179,5,5,19,0,0
1528165831108,1,updateStation,200,,Stations 1-8,text,true,,270,303,5,5,1,0,0
1528165831100,15,getStationByName,200,,Stations 1-12,text,true,,222480,179,4,4,13,0,0
1528165831096,19,getHdStations,200,,Stations 1-11,text,true,,222479,133,4,4,16,0,0
1528165831116,1,createStation,200,,Stations 1-11,text,true,,214,276,4,4,1,0,0
1528165831115,2,updateStation,200,,Stations 1-12,text,true,,270,303,4,4,2,0,0
1528165831106,14,getHdStations,200,,Stations 1-9,text,true,,222585,133,4,4,10,0,0
1528165831117,4,getStationByID,200,,Stations 1-11,text,true,,270,162,4,4,4,0,0
1528165831120,2,createStation,200,,Stations 1-9,text,true,,214,276,4,4,2,0,0
1528165831122,3,getStationByID,200,,Stations 1-9,text,true,,270,162,4,4,3,0,0
1528165831105,20,getStationByName,200,,Stations 1-10,text,true,,222480,179,4,4,16,0,0
1528165831125,7,updateStation,200,,Stations 1-10,text,true,,270,303,4,4,6,0,0
1528165831117,15,getHdStations,200,,Stations 1-12,text,true,,222691,133,4,4,12,0,0
1528165831121,14,getStationByName,200,,Stations 1-11,text,true,,222692,179,4,4,11,0,0
1528165831132,3,createStation,200,,Stations 1-12,text,true,,214,276,4,4,3,0,0
1528165831135,1,getStationByID,200,,Stations 1-12,text,true,,270,162,4,4,1,0,0
1528165831135,2,updateStation,200,,Stations 1-11,text,true,,270,303,4,4,2,0,0
1528165831125,16,getStationByName,200,,Stations 1-9,text,true,,222692,179,4,4,12,0,0
1528165831141,1,updateStation,200,,Stations 1-9,text,true,,270,303,4,4,1,0,0
1528165831132,14,getHdStations,200,,Stations 1-10,text,true,,222797,133,4,4,10,0,0
1528165831146,2,createStation,200,,Stations 1-10,text,true,,214,276,4,4,2,0,0
1528165831148,1,getStationByID,200,,Stations 1-10,text,true,,270,162,4,4,1,0,0
1528165831137,16,getHdStations,200,,Stations 1-11,text,true,,222903,133,4,4,13,0,0
1528165831137,16,getStationByName,200,,Stations 1-12,text,true,,222798,179,4,4,13,0,0
1528165831153,2,createStation,200,,Stations 1-11,text,true,,214,276,4,4,2,0,0
1528165831153,2,updateStation,200,,Stations 1-12,text,true,,270,303,4,4,2,0,0
1528165831155,1,getStationByID,200,,Stations 1-11,text,true,,270,162,4,4,1,0,0
1528165831143,14,getHdStations,200,,Stations 1-9,text,true,,222903,133,4,4,11,0,0
1528165831149,16,getStationByName,200,,Stations 1-10,text,true,,222904,179,4,4,13,0,0
1528165831158,7,createStation,200,,Stations 1-9,text,true,,214,276,4,4,7,0,0
1528165831165,1,getStationByID,200,,Stations 1-9,text,true,,270,162,4,4,1,0,0
1528165831165,1,updateStation,200,,Stations 1-10,text,true,,270,303,4,4,1,0,0
1528165831155,15,getHdStations,200,,Stations 1-12,text,true,,223115,133,4,4,11,0,0
1528165831171,2,createStation,200,,Stations 1-12,text,true,,214,276,4,4,1,0,0
1528165831156,17,getStationByName,200,,Stations 1-11,text,true,,223010,179,5,5,14,0,0
1528165831173,1,getStationByID,200,,Stations 1-12,text,true,,270,162,5,5,1,0,0
1528165831173,2,updateStation,200,,Stations 1-11,text,true,,270,303,5,5,2,0,0
1528165831166,15,getHdStations,200,,Stations 1-10,text,true,,223221,133,5,5,11,0,0
1528165831181,2,createStation,200,,Stations 1-10,text,true,,214,276,5,5,2,0,0
1528165831183,1,getStationByID,200,,Stations 1-10,text,true,,270,162,5,5,1,0,0
1528165831174,13,getStationByName,200,,Stations 1-12,text,true,,223222,179,5,5,9,0,0
1528165831166,21,getStationByName,200,,Stations 1-9,text,true,,223116,179,5,5,18,0,0
1528165831187,2,updateStation,200,,Stations 1-12,text,true,,270,303,5,5,2,0,0
1528165831188,2,updateStation,200,,Stations 1-9,text,true,,270,303,5,5,2,0,0
1528165831173,21,getHdStations,200,,Stations 1-13,text,true,,223327,133,5,5,17,0,0
1528165831175,18,getHdStations,200,,Stations 1-11,text,true,,223327,133,5,5,16,0,0
1528165831194,1,createStation,200,,Stations 1-13,text,true,,214,276,5,5,1,0,0
1528165831184,16,getStationByName,200,,Stations 1-10,text,true,,223328,179,5,5,12,0,0
1528165831200,1,updateStation,200,,Stations 1-10,text,true,,270,303,5,5,1,0,0
1528165831196,5,getStationByID,200,,Stations 1-13,text,true,,270,162,5,5,0,0,0
1528165831194,8,createStation,200,,Stations 1-11,text,true,,214,276,5,5,8,0,0
1528165831189,15,getHdStations,200,,Stations 1-12,text,true,,223433,133,5,5,12,0,0
1528165831205,1,createStation,200,,Stations 1-12,text,true,,214,276,5,5,1,0,0
1528165831202,4,getStationByID,200,,Stations 1-11,text,true,,270,162,5,5,4,0,0
1528165831190,20,getHdStations,200,,Stations 1-9,text,true,,223539,133,5,5,16,0,0
1528165831206,5,getStationByID,200,,Stations 1-12,text,true,,270,162,5,5,5,0,0
1528165831210,2,createStation,200,,Stations 1-9,text,true,,214,276,5,5,2,0,0
1528165831212,3,getStationByID,200,,Stations 1-9,text,true,,270,162,5,5,3,0,0
1528165831202,20,getHdStations,200,,Stations 1-10,text,true,,223645,133,5,5,16,0,0
1528165831202,21,getStationByName,200,,Stations 1-13,text,true,,223646,179,5,5,17,0,0
1528165831222,2,createStation,200,,Stations 1-10,text,true,,214,276,5,5,2,0,0
1528165831223,3,updateStation,200,,Stations 1-13,text,true,,270,303,5,5,3,0,0
1528165831212,15,getStationByName,200,,Stations 1-12,text,true,,223752,179,5,5,12,0,0
1528165831224,3,getStationByID,200,,Stations 1-10,text,true,,270,162,5,5,3,0,0
1528165831206,22,getStationByName,200,,Stations 1-11,text,true,,223646,179,5,5,17,0,0
1528165831215,13,getStationByName,200,,Stations 1-9,text,true,,223752,179,5,5,10,0,0
1528165831227,6,updateStation,200,,Stations 1-12,text,true,,270,303,5,5,6,0,0
1528165831228,5,updateStation,200,,Stations 1-11,text,true,,270,303,5,5,5,0,0
1528165831229,7,updateStation,200,,Stations 1-9,text,true,,270,303,5,5,7,0,0
1528165831226,14,getHdStations,200,,Stations 1-13,text,true,,223963,133,5,5,11,0,0
1528165831241,3,createStation,200,,Stations 1-13,text,true,,214,276,5,5,3,0,0
1528165831244,1,getStationByID,200,,Stations 1-13,text,true,,270,162,5,5,1,0,0
1528165831233,15,getHdStations,200,,Stations 1-12,text,true,,223963,133,5,5,11,0,0
1528165831227,24,getStationByName,200,,Stations 1-10,text,true,,223858,179,5,5,21,0,0
1528165831237,15,getHdStations,200,,Stations 1-9,text,true,,223963,133,5,5,12,0,0
1528165831248,4,createStation,200,,Stations 1-12,text,true,,214,276,5,5,4,0,0
1528165831252,1,getStationByID,200,,Stations 1-12,text,true,,270,162,5,5,1,0,0
1528165831251,2,updateStation,200,,Stations 1-10,text,true,,270,303,5,5,2,0,0
1528165831233,23,getHdStations,200,,Stations 1-11,text,true,,223963,133,5,5,19,0,0
1528165831256,2,createStation,200,,Stations 1-11,text,true,,214,276,5,5,2,0,0
1528165831258,1,getStationByID,200,,Stations 1-11,text,true,,270,162,6,6,1,0,0
1528165831245,16,getStationByName,200,,Stations 1-13,text,true,,223964,179,6,6,11,0,0
1528165831252,11,createStation,200,,Stations 1-9,text,true,,214,276,6,6,11,0,0
1528165831261,2,updateStation,200,,Stations 1-13,text,true,,270,303,6,6,2,0,0
1528165831253,14,getStationByName,200,,Stations 1-12,text,true,,224070,179,6,6,10,0,0
1528165831263,7,getStationByID,200,,Stations 1-9,text,true,,270,162,6,6,7,0,0
1528165831259,21,getStationByName,200,,Stations 1-11,text,true,,224176,179,6,6,18,0,0
1528165831263,17,getHdStations,200,,Stations 1-13,text,true,,224387,133,6,6,13,0,0
1528165831267,14,updateStation,200,,Stations 1-12,text,true,,270,303,6,6,14,0,0
1528165831280,2,updateStation,200,,Stations 1-11,text,true,,270,303,6,6,2,0,0
1528165831259,23,getHdStations,200,,Stations 1-14,text,true,,224387,133,6,6,19,0,0
1528165831270,15,getStationByName,200,,Stations 1-9,text,true,,224282,179,6,6,12,0,0
1528165831282,5,createStation,200,,Stations 1-14,text,true,,214,276,6,6,5,0,0
1528165831280,8,createStation,200,,Stations 1-13,text,true,,214,276,6,6,8,0,0
1528165831253,36,getHdStations,200,,Stations 1-10,text,true,,224387,133,6,6,33,0,0
1528165831290,2,createStation,200,,Stations 1-10,text,true,,214,276,6,6,2,0,0
1528165831292,1,getStationByID,200,,Stations 1-10,text,true,,270,162,6,6,1,0,0
1528165831281,15,getHdStations,200,,Stations 1-12,text,true,,224387,133,6,6,12,0,0
1528165831287,10,getStationByID,200,,Stations 1-14,text,true,,270,162,6,6,10,0,0
1528165831288,9,getStationByID,200,,Stations 1-13,text,true,,270,162,6,6,9,0,0
1528165831286,12,updateStation,200,,Stations 1-9,text,true,,270,303,6,6,12,0,0
1528165831297,8,createStation,200,,Stations 1-12,text,true,,214,276,5,5,8,0,0
1528165831282,26,getHdStations,200,,Stations 1-11,text,true,,224599,133,5,5,22,0,0
1528165831305,3,getStationByID,200,,Stations 1-12,text,true,,270,162,5,5,3,0,0
1528165831297,14,getStationByName,200,,Stations 1-14,text,true,,224600,179,5,5,10,0,0
1528165831293,18,getStationByName,200,,Stations 1-10,text,true,,224600,179,5,5,11,0,0
1528165831308,4,createStation,200,,Stations 1-11,text,true,,214,276,5,5,3,0,0
1528165831311,1,updateStation,200,,Stations 1-10,text,true,,270,303,5,5,1,0,0
1528165831312,1,getStationByID,200,,Stations 1-11,text,true,,270,162,5,5,1,0,0
1528165831298,18,getStationByName,200,,Stations 1-13,text,true,,224600,179,4,4,14,0,0
1528165831311,5,updateStation,200,,Stations 1-14,text,true,,270,303,4,4,5,0,0
1528165831316,10,updateStation,200,,Stations 1-13,text,true,,270,303,4,4,10,0,0
1528165831313,17,getStationByName,200,,Stations 1-11,text,true,,224812,179,4,4,11,0,0
1528165831308,22,getStationByName,200,,Stations 1-12,text,true,,224706,179,4,4,19,0,0
1528165831330,2,updateStation,200,,Stations 1-12,text,true,,270,303,4,4,1,0,0
1528165831316,16,getHdStations,200,,Stations 1-14,text,true,,224917,133,4,4,12,0,0
1528165831330,3,updateStation,200,,Stations 1-11,text,true,,270,303,4,4,3,0,0
1528165831333,4,createStation,200,,Stations 1-14,text,true,,214,276,4,4,4,0,0
1528165831337,1,getStationByID,200,,Stations 1-14,text,true,,270,162,4,4,1,0,0
1528165831332,13,getHdStations,200,,Stations 1-12,text,true,,224917,133,4,4,10,0,0
1528165831326,19,getHdStations,200,,Stations 1-13,text,true,,224917,133,4,4,16,0,0
1528165831345,2,createStation,200,,Stations 1-13,text,true,,214,276,4,4,2,0,0
1528165831345,2,createStation,200,,Stations 1-12,text,true,,214,276,4,4,2,0,0
1528165831347,1,getStationByID,200,,Stations 1-13,text,true,,270,162,4,4,1,0,0
1528165831347,1,getStationByID,200,,Stations 1-12,text,true,,270,162,4,4,1,0,0
1528165831333,15,getHdStations,200,,Stations 1-11,text,true,,224917,133,4,4,11,0,0
1528165831348,5,createStation,200,,Stations 1-11,text,true,,214,276,4,4,5,0,0
1528165831338,19,getStationByName,200,,Stations 1-14,text,true,,224918,179,4,4,16,0,0
1528165831353,5,getStationByID,200,,Stations 1-11,text,true,,270,162,4,4,5,0,0
1528165831348,12,getStationByName,200,,Stations 1-13,text,true,,225130,179,5,5,8,0,0
1528165831358,45,getStationByName,200,,Stations 1-11,text,true,,225236,179,5,5,41,0,0
1528165831403,1,updateStation,200,,Stations 1-11,text,true,,270,303,5,5,1,0,0
1528165831360,48,getHdStations,200,,Stations 1-15,text,true,,225341,133,5,5,44,0,0
1528165831348,61,getStationByName,200,,Stations 1-12,text,true,,225130,179,5,5,44,0,0
1528165831408,2,createStation,200,,Stations 1-15,text,true,,214,276,5,5,2,0,0
1528165831357,54,updateStation,200,,Stations 1-14,text,true,,270,303,5,5,53,0,0
1528165831410,1,getStationByID,200,,Stations 1-15,text,true,,270,162,5,5,1,0,0
1528165831409,3,updateStation,200,,Stations 1-12,text,true,,270,303,5,5,3,0,0
1528165831360,56,updateStation,200,,Stations 1-13,text,true,,270,303,5,5,56,0,0
1528165831411,14,getHdStations,200,,Stations 1-14,text,true,,225447,133,5,5,10,0,0
1528165831426,1,createStation,200,,Stations 1-14,text,true,,214,276,5,5,1,0,0
1528165831428,1,getStationByID,200,,Stations 1-14,text,true,,270,162,5,5,0,0,0
1528165831416,15,getHdStations,200,,Stations 1-13,text,true,,225447,133,5,5,10,0,0
1528165831431,4,createStation,200,,Stations 1-13,text,true,,214,276,5,5,4,0,0
1528165831429,14,getStationByName,200,,Stations 1-14,text,true,,225448,179,5,5,10,0,0
1528165831443,2,updateStation,200,,Stations 1-14,text,true,,270,303,5,5,2,0,0
1528165831412,36,getHdStations,200,,Stations 1-12,text,true,,225553,133,5,5,32,0,0
1528165831449,1,createStation,200,,Stations 1-12,text,true,,214,276,5,5,1,0,0
1528165831450,1,getStationByID,200,,Stations 1-12,text,true,,270,162,5,5,1,0,0
1528165831412,41,getStationByName,200,,Stations 1-15,text,true,,225342,179,5,5,38,0,0
1528165831435,23,getStationByID,200,,Stations 1-13,text,true,,270,162,5,5,23,0,0
1528165831405,54,getHdStations,200,,Stations 1-11,text,true,,225341,133,5,5,50,0,0
1528165831445,16,getHdStations,200,,Stations 1-14,text,true,,225659,133,5,5,11,0,0
1528165831453,11,updateStation,200,,Stations 1-15,text,true,,270,303,5,5,11,0,0
1528165831461,7,createStation,200,,Stations 1-14,text,true,,214,276,5,5,7,0,0
1528165831451,19,getStationByName,200,,Stations 1-12,text,true,,225660,179,5,5,15,0,0
1528165831460,13,createStation,200,,Stations 1-11,text,true,,214,276,5,5,12,0,0
1528165831473,1,getStationByID,200,,Stations 1-11,text,true,,270,162,6,6,1,0,0
1528165831464,19,getHdStations,200,,Stations 1-15,text,true,,225872,133,6,6,16,0,0
1528165831484,1,createStation,200,,Stations 1-15,text,true,,214,276,6,6,1,0,0
1528165831485,2,getStationByID,200,,Stations 1-15,text,true,,270,162,6,6,1,0,0
1528165831474,14,getStationByName,200,,Stations 1-11,text,true,,225873,179,6,6,10,0,0
1528165831470,19,updateStation,200,,Stations 1-12,text,true,,270,303,6,6,18,0,0
1528165831469,24,getStationByID,200,,Stations 1-14,text,true,,270,162,6,6,23,0,0
1528165831459,38,getStationByName,200,,Stations 1-13,text,true,,225660,179,6,6,34,0,0
1528165831487,15,getStationByName,200,,Stations 1-15,text,true,,225979,179,6,6,11,0,0
1528165831502,2,updateStation,200,,Stations 1-15,text,true,,270,303,6,6,1,0,0
1528165831488,20,updateStation,200,,Stations 1-11,text,true,,270,303,6,6,19,0,0
1528165831473,38,getHdStations,200,,Stations 1-16,text,true,,225978,133,5,5,35,0,0
1528165831512,1,createStation,200,,Stations 1-16,text,true,,214,276,5,5,1,0,0
1528165831513,2,getStationByID,200,,Stations 1-16,text,true,,270,162,5,5,2,0,0
1528165831489,40,getHdStations,200,,Stations 1-12,text,true,,226084,133,5,5,37,0,0
1528165831493,37,getStationByName,200,,Stations 1-14,text,true,,225979,179,5,5,19,0,0
1528165831504,26,getHdStations,200,,Stations 1-15,text,true,,226084,133,5,5,23,0,0
1528165831515,16,getStationByName,200,,Stations 1-16,text,true,,226085,179,5,5,11,0,0
1528165831529,2,createStation,200,,Stations 1-12,text,true,,214,276,5,5,2,0,0
1528165831531,1,getStationByID,200,,Stations 1-12,text,true,,270,162,5,5,1,0,0
1528165831530,2,updateStation,200,,Stations 1-14,text,true,,270,303,5,5,2,0,0
1528165831497,44,updateStation,200,,Stations 1-13,text,true,,270,303,5,5,44,0,0
1528165831531,18,updateStation,200,,Stations 1-16,text,true,,270,303,5,5,17,0,0
1528165831541,19,getHdStations,200,,Stations 1-13,text,true,,226296,133,5,5,15,0,0
1528165831561,2,createStation,200,,Stations 1-13,text,true,,214,276,5,5,2,0,0
1528165831549,15,getHdStations,200,,Stations 1-16,text,true,,226296,133,5,5,11,0,0
1528165831565,2,createStation,200,,Stations 1-16,text,true,,214,276,5,5,1,0,0
1528165831531,36,createStation,200,,Stations 1-15,text,true,,214,276,5,5,36,0,0
1528165831567,1,getStationByID,200,,Stations 1-16,text,true,,270,162,5,5,1,0,0
1528165831567,2,getStationByID,200,,Stations 1-15,text,true,,270,162,5,5,1,0,0
1528165831563,12,getStationByID,200,,Stations 1-13,text,true,,270,162,6,6,12,0,0
1528165831532,45,getStationByName,200,,Stations 1-12,text,true,,226297,179,6,6,41,0,0
1528165831568,16,getStationByName,200,,Stations 1-16,text,true,,226509,179,6,6,13,0,0
1528165831584,2,updateStation,200,,Stations 1-16,text,true,,270,303,6,6,2,0,0
1528165831575,13,getStationByName,200,,Stations 1-13,text,true,,226509,179,6,6,10,0,0
1528165831577,13,updateStation,200,,Stations 1-12,text,true,,270,303,6,6,13,0,0
1528165831570,29,getStationByName,200,,Stations 1-15,text,true,,226509,179,6,6,26,0,0
1528165831586,15,getHdStations,200,,Stations 1-16,text,true,,226614,133,6,6,12,0,0
1528165831602,2,createStation,200,,Stations 1-16,text,true,,214,276,6,6,1,0,0
1528165831589,15,updateStation,200,,Stations 1-13,text,true,,270,303,6,6,15,0,0
1528165831604,1,getStationByID,200,,Stations 1-16,text,true,,270,162,6,6,1,0,0
1528165831532,75,getHdStations,200,,Stations 1-14,text,true,,226296,133,6,6,72,0,0
1528165831608,4,createStation,200,,Stations 1-14,text,true,,214,276,6,6,4,0,0
1528165831612,1,getStationByID,200,,Stations 1-14,text,true,,270,162,6,6,1,0,0
1528165831573,44,getHdStations,200,,Stations 1-17,text,true,,226614,133,6,6,40,0,0
1528165831590,27,getHdStations,200,,Stations 1-12,text,true,,226614,133,6,6,23,0,0
1528165831605,14,getStationByName,200,,Stations 1-16,text,true,,226615,179,6,6,10,0,0
1528165831619,2,updateStation,200,,Stations 1-16,text,true,,270,303,6,6,2,0,0
1528165831599,30,updateStation,200,,Stations 1-15,text,true,,270,303,6,6,30,0,0
1528165831613,19,getStationByName,200,,Stations 1-14,text,true,,226721,179,6,6,15,0,0
1528165831632,2,updateStation,200,,Stations 1-14,text,true,,270,303,6,6,1,0,0
1528165831605,32,getHdStations,200,,Stations 1-13,text,true,,226826,133,6,6,29,0,0
1528165831618,24,createStation,200,,Stations 1-12,text,true,,214,276,6,6,23,0,0
1528165831642,1,getStationByID,200,,Stations 1-12,text,true,,270,162,6,6,1,0,0
1528165831621,32,getHdStations,200,,Stations 1-16,text,true,,226826,133,6,6,28,0,0
1528165831643,16,getStationByName,200,,Stations 1-12,text,true,,226827,179,6,6,12,0,0
1528165831653,7,createStation,200,,Stations 1-16,text,true,,214,276,6,6,7,0,0
1528165831617,45,createStation,200,,Stations 1-17,text,true,,214,276,7,7,45,0,0
1528165831662,1,getStationByID,200,,Stations 1-17,text,true,,270,162,7,7,1,0,0
1528165831634,33,getHdStations,200,,Stations 1-14,text,true,,226826,133,7,7,29,0,0
1528165831668,1,createStation,200,,Stations 1-14,text,true,,214,276,7,7,1,0,0
1528165831670,1,getStationByID,200,,Stations 1-14,text,true,,270,162,7,7,0,0,0
1528165831629,41,getHdStations,200,,Stations 1-15,text,true,,226826,133,7,7,39,0,0
1528165831660,11,getStationByID,200,,Stations 1-16,text,true,,270,162,7,7,11,0,0
1528165831671,12,getStationByName,200,,Stations 1-14,text,true,,227145,179,7,7,9,0,0
1528165831663,24,getStationByName,200,,Stations 1-17,text,true,,227039,179,7,7,20,0,0
1528165831671,17,createStation,200,,Stations 1-15,text,true,,214,276,7,7,17,0,0
1528165831684,6,updateStation,200,,Stations 1-14,text,true,,270,303,7,7,6,0,0
1528165831637,57,createStation,200,,Stations 1-13,text,true,,214,276,7,7,57,0,0
1528165831689,5,getStationByID,200,,Stations 1-15,text,true,,270,162,7,7,5,0,0
1528165831694,1,getStationByID,200,,Stations 1-13,text,true,,270,162,7,7,1,0,0
1528165831687,8,updateStation,200,,Stations 1-17,text,true,,270,303,7,7,8,0,0
1528165831661,40,getHdStations,200,,Stations 1-18,text,true,,227250,133,7,7,37,0,0
1528165831701,2,createStation,200,,Stations 1-18,text,true,,214,276,7,7,2,0,0
1528165831659,46,updateStation,200,,Stations 1-12,text,true,,270,303,7,7,46,0,0
1528165831690,16,getHdStations,200,,Stations 1-14,text,true,,227356,133,6,6,10,0,0
1528165831704,2,getStationByID,200,,Stations 1-18,text,true,,270,162,6,6,2,0,0
1528165831706,3,createStation,200,,Stations 1-14,text,true,,214,276,6,6,3,0,0
1528165831709,1,getStationByID,200,,Stations 1-14,text,true,,270,162,6,6,1,0,0
1528165831695,24,getStationByName,200,,Stations 1-13,text,true,,227463,179,6,6,20,0,0
1528165831694,31,getStationByName,200,,Stations 1-15,text,true,,227357,179,6,6,28,0,0
1528165831671,54,getStationByName,200,,Stations 1-16,text,true,,227357,179,6,6,51,0,0
1528165831725,2,updateStation,200,,Stations 1-16,text,true,,270,303,6,6,2,0,0
1528165831695,34,getHdStations,200,,Stations 1-17,text,true,,227674,133,6,6,31,0,0
1528165831719,12,updateStation,200,,Stations 1-13,text,true,,270,303,6,6,12,0,0
1528165831730,1,createStation,200,,Stations 1-17,text,true,,214,276,6,6,1,0,0
1528165831731,1,getStationByID,200,,Stations 1-17,text,true,,270,162,6,6,1,0,0
1528165831727,13,getHdStations,200,,Stations 1-16,text,true,,227674,133,6,6,10,0,0
1528165831740,2,createStation,200,,Stations 1-16,text,true,,214,276,6,6,2,0,0
1528165831742,1,getStationByID,200,,Stations 1-16,text,true,,270,162,6,6,1,0,0
1528165831732,13,getStationByName,200,,Stations 1-17,text,true,,227675,179,6,6,10,0,0
1528165831745,2,updateStation,200,,Stations 1-17,text,true,,270,303,6,6,2,0,0
1528165831743,12,getStationByName,200,,Stations 1-16,text,true,,227781,179,6,6,9,0,0
1528165831755,2,updateStation,200,,Stations 1-16,text,true,,270,303,6,6,2,0,0
1528165831747,13,getHdStations,200,,Stations 1-17,text,true,,227886,133,6,6,10,0,0
1528165831761,1,createStation,200,,Stations 1-17,text,true,,214,276,6,6,1,0,0
1528165831762,1,getStationByID,200,,Stations 1-17,text,true,,270,162,6,6,1,0,0
1528165831757,13,getHdStations,200,,Stations 1-16,text,true,,227886,133,7,7,10,0,0
1528165831771,1,createStation,200,,Stations 1-16,text,true,,214,276,7,7,1,0,0
1528165831772,1,getStationByID,200,,Stations 1-16,text,true,,270,162,7,7,1,0,0
1528165831710,68,getStationByName,200,,Stations 1-14,text,true,,227569,179,7,7,64,0,0
1528165831706,73,getStationByName,200,,Stations 1-18,text,true,,227569,179,7,7,26,0,0
1528165831778,3,updateStation,200,,Stations 1-14,text,true,,270,303,7,7,3,0,0
1528165831779,3,updateStation,200,,Stations 1-18,text,true,,270,303,7,7,3,0,0
1528165831725,60,updateStation,200,,Stations 1-15,text,true,,270,303,7,7,60,0,0
1528165831731,64,getHdStations,200,,Stations 1-13,text,true,,228098,133,7,7,60,0,0
1528165831773,27,getStationByName,200,,Stations 1-16,text,true,,227993,179,7,7,24,0,0
1528165831765,48,getHdStations,200,,Stations 1-19,text,true,,228098,133,7,7,45,0,1
1528165831800,14,updateStation,200,,Stations 1-16,text,true,,270,303,7,7,14,0,0
1528165831763,55,getStationByName,200,,Stations 1-17,text,true,,227887,179,7,7,52,0,0
1528165831818,2,updateStation,200,,Stations 1-17,text,true,,270,303,7,7,2,0,0
1528165831814,14,getHdStations,200,,Stations 1-16,text,true,,228204,133,7,7,11,0,0
1528165831813,17,createStation,200,,Stations 1-19,text,true,,214,276,7,7,17,0,0
1528165831829,1,createStation,200,,Stations 1-16,text,true,,214,276,7,7,1,0,0
1528165831830,1,getStationByID,200,,Stations 1-16,text,true,,270,162,7,7,1,0,0
1528165831820,12,getHdStations,200,,Stations 1-17,text,true,,228204,133,7,7,9,0,0
1528165831830,10,getStationByID,200,,Stations 1-19,text,true,,270,162,7,7,9,0,0
1528165831781,65,getHdStations,200,,Stations 1-14,text,true,,228098,133,7,7,61,0,0
1528165831795,52,createStation,200,,Stations 1-13,text,true,,214,276,7,7,52,0,0
1528165831847,2,getStationByID,200,,Stations 1-13,text,true,,270,162,7,7,2,0,0
1528165831847,2,createStation,200,,Stations 1-14,text,true,,214,276,7,7,2,0,0
1528165831840,16,getStationByName,200,,Stations 1-19,text,true,,228205,179,7,7,9,0,0
1528165831856,1,updateStation,200,,Stations 1-19,text,true,,270,303,7,7,1,0,0
1528165831849,10,getStationByID,200,,Stations 1-14,text,true,,270,162,7,7,10,0,0
1528165831857,13,getHdStations,200,,Stations 1-19,text,true,,228522,133,7,7,10,0,0
1528165831870,2,createStation,200,,Stations 1-19,text,true,,214,276,7,7,2,0,0
1528165831872,1,getStationByID,200,,Stations 1-19,text,true,,270,162,8,8,1,0,0
1528165831786,89,getHdStations,200,,Stations 1-15,text,true,,228522,133,8,8,85,0,0
1528165831859,32,getStationByName,200,,Stations 1-14,text,true,,228523,179,8,8,28,0,0
1528165831892,1,updateStation,200,,Stations 1-14,text,true,,270,303,8,8,1,0,0
1528165831782,117,getHdStations,200,,Stations 1-18,text,true,,228098,133,8,8,77,0,0
1528165831875,26,createStation,200,,Stations 1-15,text,true,,214,276,8,8,26,0,0
1528165831873,29,getStationByName,200,,Stations 1-19,text,true,,228523,179,8,8,26,0,0
1528165831900,2,createStation,200,,Stations 1-18,text,true,,214,276,8,8,2,0,0
1528165831902,1,getStationByID,200,,Stations 1-18,text,true,,270,162,8,8,1,0,0
1528165831902,1,updateStation,200,,Stations 1-19,text,true,,270,303,8,8,1,0,0
1528165831901,5,getStationByID,200,,Stations 1-15,text,true,,270,162,8,8,4,0,0
1528165831849,65,getStationByName,200,,Stations 1-13,text,true,,228417,179,8,8,62,0,0
1528165831903,12,getStationByName,200,,Stations 1-18,text,true,,228735,179,8,8,9,0,0
1528165831831,85,getStationByName,200,,Stations 1-16,text,true,,228205,179,8,8,80,0,0
1528165831916,2,updateStation,200,,Stations 1-16,text,true,,270,303,8,8,2,0,0
1528165831833,85,createStation,200,,Stations 1-17,text,true,,214,276,8,8,85,0,0
1528165831918,1,getStationByID,200,,Stations 1-17,text,true,,270,162,8,8,1,0,0
1528165831906,21,getStationByName,200,,Stations 1-15,text,true,,228735,179,8,8,17,0,0
1528165831914,14,updateStation,200,,Stations 1-13,text,true,,270,303,8,8,14,0,0
1528165831927,1,updateStation,200,,Stations 1-15,text,true,,270,303,8,8,1,0,0
1528165831915,27,updateStation,200,,Stations 1-18,text,true,,270,303,8,8,27,0,0
1528165831893,51,getHdStations,200,,Stations 1-14,text,true,,228628,133,8,8,47,0,0
1528165831919,27,getStationByName,200,,Stations 1-17,text,true,,228841,179,8,8,24,0,0
1528165831945,2,createStation,200,,Stations 1-14,text,true,,214,276,8,8,1,0,0
1528165831947,1,getStationByID,200,,Stations 1-14,text,true,,270,162,8,8,1,0,0
1528165831873,76,getHdStations,200,,Stations 1-20,text,true,,228946,133,8,8,73,0,0
1528165831928,24,getHdStations,200,,Stations 1-15,text,true,,228946,133,8,8,21,0,0
1528165831903,55,getHdStations,200,,Stations 1-19,text,true,,228840,133,8,8,51,0,0
1528165831958,2,createStation,200,,Stations 1-19,text,true,,214,276,8,8,1,0,0
1528165831960,1,getStationByID,200,,Stations 1-19,text,true,,270,162,8,8,1,0,0
1528165831948,15,getStationByName,200,,Stations 1-14,text,true,,228947,179,8,8,11,0,0
1528165831918,46,getHdStations,200,,Stations 1-16,text,true,,229052,133,8,8,42,0,0
1528165831963,2,updateStation,200,,Stations 1-14,text,true,,270,303,8,8,2,0,0
1528165831964,1,createStation,200,,Stations 1-16,text,true,,214,276,8,8,1,0,0
1528165831961,13,getStationByName,200,,Stations 1-19,text,true,,229053,179,8,8,9,0,0
1528165831974,1,updateStation,200,,Stations 1-19,text,true,,270,303,8,8,1,0,0
1528165831965,14,getHdStations,200,,Stations 1-14,text,true,,229264,133,8,8,10,0,0
1528165831980,1,createStation,200,,Stations 1-14,text,true,,214,276,8,8,1,0,0
1528165831981,1,getStationByID,200,,Stations 1-14,text,true,,270,162,8,8,1,0,0
1528165831950,35,createStation,200,,Stations 1-20,text,true,,214,276,8,8,35,0,0
1528165831985,1,getStationByID,200,,Stations 1-20,text,true,,270,162,8,8,1,0,0
1528165831946,44,updateStation,200,,Stations 1-17,text,true,,270,303,8,8,44,0,0
1528165831942,58,getHdStations,200,,Stations 1-18,text,true,,229476,133,8,8,54,0,0
1528165832000,2,createStation,200,,Stations 1-18,text,true,,214,276,8,8,2,0,0
1528165831990,13,getHdStations,200,,Stations 1-17,text,true,,229476,133,8,8,9,0,0
1528165832002,1,getStationByID,200,,Stations 1-18,text,true,,270,162,8,8,1,0,0
1528165832003,1,createStation,200,,Stations 1-17,text,true,,214,276,8,8,1,0,0
1528165831928,82,getHdStations,200,,Stations 1-13,text,true,,228946,133,8,8,79,0,0
1528165832011,1,createStation,200,,Stations 1-13,text,true,,214,276,8,8,1,0,0
1528165832012,1,getStationByID,200,,Stations 1-13,text,true,,270,162,8,8,1,0,0
1528165832004,14,getStationByName,200,,Stations 1-18,text,true,,229583,179,8,8,10,0,0
1528165832018,1,updateStation,200,,Stations 1-18,text,true,,270,303,8,8,1,0,0
1528165831953,72,createStation,200,,Stations 1-15,text,true,,214,276,8,8,72,0,0
1528165832025,1,getStationByID,200,,Stations 1-15,text,true,,270,162,8,8,1,0,0
1528165831987,48,getStationByName,200,,Stations 1-20,text,true,,229689,179,8,8,44,0,0
1528165832035,1,updateStation,200,,Stations 1-20,text,true,,270,303,8,8,1,0,0
1528165832026,12,getStationByName,200,,Stations 1-15,text,true,,229801,179,8,8,9,0,0
1528165832020,19,getHdStations,200,,Stations 1-18,text,true,,229800,133,8,8,15,0,0
1528165832039,2,createStation,200,,Stations 1-18,text,true,,214,276,8,8,2,0,0
1528165832041,2,getStationByID,200,,Stations 1-18,text,true,,270,162,8,8,1,0,0
1528165831975,68,getHdStations,200,,Stations 1-19,text,true,,229264,133,8,8,65,0,0
1528165832036,19,getHdStations,200,,Stations 1-20,text,true,,229906,133,8,8,15,0,0
1528165832043,13,getStationByName,200,,Stations 1-18,text,true,,229907,179,8,8,8,0,0
1528165832055,1,createStation,200,,Stations 1-20,text,true,,214,276,8,8,1,0,0
1528165832057,0,getStationByID,200,,Stations 1-20,text,true,,270,162,8,8,0,0,0
1528165832056,1,updateStation,200,,Stations 1-18,text,true,,270,303,8,8,1,0,0
1528165831965,96,getStationByID,200,,Stations 1-16,text,true,,270,162,8,8,96,0,0
1528165832057,14,getHdStations,200,,Stations 1-18,text,true,,230119,133,8,8,10,0,0
1528165832061,12,getStationByName,200,,Stations 1-16,text,true,,230013,179,8,8,9,0,0
1528165832072,2,createStation,200,,Stations 1-18,text,true,,214,276,8,8,1,0,0
1528165832074,1,getStationByID,200,,Stations 1-18,text,true,,270,162,8,8,0,0,0
1528165832074,1,updateStation,200,,Stations 1-16,text,true,,270,303,8,8,1,0,0
1528165832075,13,getHdStations,200,,Stations 1-16,text,true,,230225,133,8,8,9,0,0
1528165832088,2,createStation,200,,Stations 1-16,text,true,,214,276,8,8,2,0,0
1528165832090,1,getStationByID,200,,Stations 1-16,text,true,,270,162,8,8,1,0,0
1528165832044,52,createStation,200,,Stations 1-19,text,true,,214,276,8,8,52,0,0
1528165832096,1,getStationByID,200,,Stations 1-19,text,true,,270,162,8,8,1,0,0
1528165832097,13,getStationByName,200,,Stations 1-19,text,true,,230332,179,8,8,9,0,0
1528165832110,1,updateStation,200,,Stations 1-19,text,true,,270,303,8,8,1,0,0
1528165832091,34,getStationByName,200,,Stations 1-16,text,true,,230226,179,8,8,31,0,0
1528165832111,14,getHdStations,200,,Stations 1-19,text,true,,230437,133,8,8,11,0,0
1528165832126,1,createStation,200,,Stations 1-19,text,true,,214,276,8,8,1,0,0
1528165832126,1,updateStation,200,,Stations 1-16,text,true,,270,303,8,8,1,0,0
1528165832038,93,updateStation,200,,Stations 1-15,text,true,,270,303,8,8,92,0,0
1528165832127,13,getHdStations,200,,Stations 1-16,text,true,,230543,133,8,8,10,0,0
1528165832141,1,createStation,200,,Stations 1-16,text,true,,214,276,8,8,1,0,0
1528165832142,1,getStationByID,200,,Stations 1-16,text,true,,270,162,8,8,1,0,0
1528165832131,12,getHdStations,200,,Stations 1-15,text,true,,230543,133,8,8,9,0,0
1528165832004,147,getStationByID,200,,Stations 1-17,text,true,,270,162,8,8,147,0,0
1528165832057,100,getStationByName,200,,Stations 1-20,text,true,,230226,179,8,8,98,0,0
1528165831982,176,getStationByName,200,,Stations 1-14,text,true,,229265,179,8,8,171,0,0
1528165832013,148,getStationByName,200,,Stations 1-13,text,true,,229689,179,8,8,146,0,0
1528165832143,19,getStationByName,200,,Stations 1-16,text,true,,230544,179,8,8,16,0,0
1528165832162,1,updateStation,200,,Stations 1-16,text,true,,270,303,8,8,1,0,0
1528165832151,13,getStationByName,200,,Stations 1-17,text,true,,230544,179,7,7,10,0,0
1528165832158,8,updateStation,200,,Stations 1-14,text,true,,270,303,7,7,8,0,0
1528165832161,5,updateStation,200,,Stations 1-13,text,true,,270,303,6,6,5,0,0
1528165832157,10,updateStation,200,,Stations 1-20,text,true,,270,303,6,6,10,0,0
1528165832144,26,createStation,200,,Stations 1-15,text,true,,214,276,6,6,26,0,0
1528165832170,2,getStationByID,200,,Stations 1-15,text,true,,270,162,6,6,2,0,0
1528165832167,14,getHdStations,200,,Stations 1-13,text,true,,230649,133,6,6,10,0,0
1528165832181,1,createStation,200,,Stations 1-13,text,true,,214,276,6,6,1,0,0
1528165832183,1,getStationByID,200,,Stations 1-13,text,true,,270,162,6,6,0,0,0
1528165832172,15,getStationByName,200,,Stations 1-15,text,true,,230650,179,6,6,11,0,0
1528165832187,2,updateStation,200,,Stations 1-15,text,true,,270,303,6,6,2,0,0
1528165832127,67,getStationByID,200,,Stations 1-19,text,true,,270,162,6,6,67,0,0
1528165832189,16,getHdStations,200,,Stations 1-15,text,true,,230861,133,6,6,12,0,0
1528165832075,134,getStationByName,200,,Stations 1-18,text,true,,230756,179,6,6,131,0,0
1528165832205,5,createStation,200,,Stations 1-15,text,true,,214,276,6,6,5,0,0
1528165832209,2,updateStation,200,,Stations 1-18,text,true,,270,303,6,6,2,0,0
1528165832210,2,getStationByID,200,,Stations 1-15,text,true,,270,162,6,6,2,0,0
1528165832194,26,getStationByName,200,,Stations 1-19,text,true,,230756,179,6,6,22,0,0
1528165832220,4,updateStation,200,,Stations 1-19,text,true,,270,303,6,6,4,0,0
1528165832212,21,getStationByName,200,,Stations 1-15,text,true,,230862,179,6,6,17,0,0
1528165832184,57,getStationByName,200,,Stations 1-13,text,true,,230756,179,6,6,53,0,0
1528165832164,80,updateStation,200,,Stations 1-17,text,true,,270,303,6,6,80,0,0
1528165832241,3,updateStation,200,,Stations 1-13,text,true,,270,303,6,6,3,0,0
1528165832167,87,getHdStations,200,,Stations 1-20,text,true,,230967,133,5,5,84,0,0
1528165832254,2,createStation,200,,Stations 1-20,text,true,,214,276,5,5,2,0,0
1528165832233,24,updateStation,200,,Stations 1-15,text,true,,270,303,5,5,23,0,0
1528165832224,33,getHdStations,200,,Stations 1-19,text,true,,230967,133,5,5,20,0,0
1528165832256,2,getStationByID,200,,Stations 1-20,text,true,,270,162,5,5,2,0,0
1528165832244,14,getHdStations,200,,Stations 1-17,text,true,,230967,133,5,5,11,0,0
1528165832212,54,getHdStations,200,,Stations 1-18,text,true,,230967,133,5,5,51,0,0
1528165832266,2,createStation,200,,Stations 1-18,text,true,,214,276,5,5,2,0,0
1528165832268,1,getStationByID,200,,Stations 1-18,text,true,,270,162,5,5,1,0,0
1528165832259,11,createStation,200,,Stations 1-17,text,true,,214,276,5,5,11,0,0
1528165832257,14,getHdStations,200,,Stations 1-15,text,true,,231073,133,5,5,11,0,0
1528165832272,1,createStation,200,,Stations 1-15,text,true,,214,276,5,5,1,0,0
1528165832258,19,createStation,200,,Stations 1-19,text,true,,214,276,5,5,18,0,0
1528165832273,4,getStationByID,200,,Stations 1-15,text,true,,270,162,5,5,3,0,0
1528165832270,7,getStationByID,200,,Stations 1-17,text,true,,270,162,5,5,7,0,0
1528165832277,1,getStationByID,200,,Stations 1-19,text,true,,270,162,5,5,1,0,0
1528165832258,27,getStationByName,200,,Stations 1-20,text,true,,231286,179,5,5,24,0,0
1528165832269,20,getStationByName,200,,Stations 1-18,text,true,,231180,179,5,5,17,0,0
1528165832277,12,getStationByName,200,,Stations 1-15,text,true,,231392,179,5,5,9,0,0
1528165832285,5,updateStation,200,,Stations 1-20,text,true,,270,303,5,5,5,0,0
1528165832290,1,updateStation,200,,Stations 1-15,text,true,,270,303,5,5,1,0,0
1528165832289,2,updateStation,200,,Stations 1-18,text,true,,270,303,5,5,2,0,0
1528165832277,18,getStationByName,200,,Stations 1-17,text,true,,231392,179,5,5,14,0,0
1528165832295,2,updateStation,200,,Stations 1-17,text,true,,270,303,5,5,2,0,0
1528165832291,13,getHdStations,200,,Stations 1-15,text,true,,231497,133,5,5,9,0,0
1528165832278,28,getStationByName,200,,Stations 1-19,text,true,,231392,179,5,5,25,0,0
1528165832305,1,createStation,200,,Stations 1-15,text,true,,214,276,5,5,1,0,0
1528165832307,0,getStationByID,200,,Stations 1-15,text,true,,270,162,5,5,0,0,0
1528165832297,13,getHdStations,200,,Stations 1-17,text,true,,231497,133,5,5,9,0,0
1528165832310,4,createStation,200,,Stations 1-17,text,true,,214,276,5,5,4,0,0
1528165832315,1,getStationByID,200,,Stations 1-17,text,true,,270,162,5,5,0,0,0
1528165832306,17,updateStation,200,,Stations 1-19,text,true,,270,303,5,5,17,0,0
1528165832290,34,getHdStations,200,,Stations 1-20,text,true,,231603,133,5,5,30,0,0
1528165832292,38,getHdStations,200,,Stations 1-18,text,true,,231603,133,5,5,35,0,0
1528165832324,6,createStation,200,,Stations 1-20,text,true,,214,276,5,5,6,0,0
1528165832330,2,createStation,200,,Stations 1-18,text,true,,214,276,5,5,2,0,0
1528165832307,25,getStationByName,200,,Stations 1-15,text,true,,231604,179,5,5,22,0,0
1528165832330,3,getStationByID,200,,Stations 1-20,text,true,,270,162,5,5,3,0,0
1528165832332,1,getStationByID,200,,Stations 1-18,text,true,,270,162,5,5,1,0,0
1528165832316,18,getStationByName,200,,Stations 1-17,text,true,,231604,179,5,5,15,0,0
1528165832323,17,getHdStations,200,,Stations 1-19,text,true,,231709,133,5,5,13,0,0
1528165832341,1,createStation,200,,Stations 1-19,text,true,,214,276,5,5,1,0,0
1528165832342,1,getStationByID,200,,Stations 1-19,text,true,,270,162,5,5,1,0,0
1528165832334,12,updateStation,200,,Stations 1-17,text,true,,270,303,5,5,12,0,0
1528165832333,14,getStationByName,200,,Stations 1-20,text,true,,231816,179,5,5,10,0,0
1528165832333,17,updateStation,200,,Stations 1-15,text,true,,270,303,5,5,17,0,0
1528165832347,4,updateStation,200,,Stations 1-20,text,true,,270,303,4,4,3,0,0
1528165832334,22,getStationByName,200,,Stations 1-18,text,true,,231816,179,4,4,17,0,0
1528165832356,2,updateStation,200,,Stations 1-18,text,true,,270,303,4,4,2,0,0
1528165832343,16,getStationByName,200,,Stations 1-19,text,true,,231922,179,4,4,12,0,0
1528165832346,13,getHdStations,200,,Stations 1-17,text,true,,232027,133,4,4,10,0,0
1528165832359,4,updateStation,200,,Stations 1-19,text,true,,270,303,4,4,4,0,0
1528165832360,3,createStation,200,,Stations 1-17,text,true,,214,276,4,4,3,0,0
1528165832351,19,getHdStations,200,,Stations 1-20,text,true,,232027,133,4,4,11,0,0
1528165832363,46,getStationByID,200,,Stations 1-17,text,true,,270,162,4,4,46,0,0
1528165832371,38,createStation,200,,Stations 1-20,text,true,,214,276,4,4,38,0,0
1528165832409,3,getStationByID,200,,Stations 1-20,text,true,,270,162,4,4,3,0,0
1528165832358,55,getHdStations,200,,Stations 1-18,text,true,,232027,133,4,4,51,0,0
1528165832414,1,createStation,200,,Stations 1-18,text,true,,214,276,4,4,1,0,0
1528165832415,2,getStationByID,200,,Stations 1-18,text,true,,270,162,4,4,1,0,0
1528165832363,56,getHdStations,200,,Stations 1-19,text,true,,232133,133,4,4,52,0,0
1528165832419,2,createStation,200,,Stations 1-19,text,true,,214,276,4,4,1,0,0
1528165832421,1,getStationByID,200,,Stations 1-19,text,true,,270,162,4,4,0,0,0
1528165832409,14,getStationByName,200,,Stations 1-17,text,true,,232134,179,4,4,11,0,0
1528165832424,1,updateStation,200,,Stations 1-17,text,true,,270,303,4,4,1,0,0
1528165832412,13,getStationByName,200,,Stations 1-20,text,true,,232134,179,4,4,10,0,0
1528165832417,15,getStationByName,200,,Stations 1-18,text,true,,232240,179,4,4,12,0,0
1528165832425,8,updateStation,200,,Stations 1-20,text,true,,270,303,4,4,8,0,0
1528165832422,13,getStationByName,200,,Stations 1-19,text,true,,232346,179,4,4,9,0,0
1528165832435,12,updateStation,200,,Stations 1-19,text,true,,270,303,4,4,12,0,0
1528165832432,16,updateStation,200,,Stations 1-18,text,true,,270,303,4,4,16,0,0
1528165832433,15,getHdStations,200,,Stations 1-20,text,true,,232451,133,4,4,11,0,0
1528165832449,2,createStation,200,,Stations 1-20,text,true,,214,276,4,4,2,0,0
1528165832425,27,getHdStations,200,,Stations 1-17,text,true,,232451,133,4,4,23,0,0
1528165832451,4,getStationByID,200,,Stations 1-20,text,true,,270,162,4,4,4,0,0
1528165832452,3,createStation,200,,Stations 1-17,text,true,,214,276,4,4,3,0,0
1528165832455,1,getStationByID,200,,Stations 1-17,text,true,,270,162,4,4,1,0,0
1528165832447,13,getHdStations,200,,Stations 1-19,text,true,,232451,133,4,4,10,0,0
1528165832461,1,createStation,200,,Stations 1-19,text,true,,214,276,4,4,1,0,0
1528165832448,20,getHdStations,200,,Stations 1-18,text,true,,232557,133,4,4,17,0,0
1528165832463,6,getStationByID,200,,Stations 1-19,text,true,,270,162,4,4,6,0,0
1528165832469,6,createStation,200,,Stations 1-18,text,true,,214,276,4,4,6,0,0
1528165832475,1,getStationByID,200,,Stations 1-18,text,true,,270,162,4,4,1,0,0
1528165832455,22,getStationByName,200,,Stations 1-20,text,true,,232664,179,4,4,18,0,0
1528165832456,28,getStationByName,200,,Stations 1-17,text,true,,232558,179,4,4,24,0,0
1528165832469,15,getStationByName,200,,Stations 1-19,text,true,,232664,179,4,4,11,0,0
1528165832477,8,updateStation,200,,Stations 1-20,text,true,,270,303,4,4,7,0,0
1528165832484,2,updateStation,200,,Stations 1-17,text,true,,270,303,4,4,1,0,0
1528165832484,2,updateStation,200,,Stations 1-19,text,true,,270,303,4,4,1,0,0
1528165832476,14,getStationByName,200,,Stations 1-18,text,true,,232770,179,4,4,10,0,0
1528165832490,4,updateStation,200,,Stations 1-18,text,true,,270,303,4,4,4,0,0
1528165832486,18,getHdStations,200,,Stations 1-17,text,true,,232875,133,4,4,15,0,0
1528165832485,23,getHdStations,200,,Stations 1-20,text,true,,232875,133,4,4,19,0,0
1528165832486,22,getHdStations,200,,Stations 1-19,text,true,,232875,133,4,4,19,0,0
1528165832504,5,createStation,200,,Stations 1-17,text,true,,214,276,4,4,5,0,0
1528165832508,2,createStation,200,,Stations 1-20,text,true,,214,276,4,4,1,0,0
1528165832509,1,getStationByID,200,,Stations 1-17,text,true,,270,162,4,4,1,0,0
1528165832508,3,createStation,200,,Stations 1-19,text,true,,214,276,4,4,3,0,0
1528165832494,19,getHdStations,200,,Stations 1-18,text,true,,232875,133,4,4,16,0,0
1528165832510,4,getStationByID,200,,Stations 1-20,text,true,,270,162,4,4,4,0,0
1528165832511,4,getStationByID,200,,Stations 1-19,text,true,,270,162,4,4,4,0,0
1528165832514,7,createStation,200,,Stations 1-18,text,true,,214,276,4,4,6,0,0
1528165832521,1,getStationByID,200,,Stations 1-18,text,true,,270,162,4,4,1,0,0
1528165832510,14,getStationByName,200,,Stations 1-17,text,true,,233088,179,4,4,11,0,0
1528165832524,6,updateStation,200,,Stations 1-17,text,true,,270,303,4,4,6,0,0
1528165832522,12,getStationByName,200,,Stations 1-18,text,true,,233194,179,3,3,9,0,0
1528165832515,21,getStationByName,200,,Stations 1-20,text,true,,233088,179,3,3,16,0,0
1528165832535,1,updateStation,200,,Stations 1-18,text,true,,270,303,3,3,1,0,0
1528165832515,22,getStationByName,200,,Stations 1-19,text,true,,233194,179,2,2,19,0,0
1528165832537,1,updateStation,200,,Stations 1-19,text,true,,270,303,2,2,1,0,0
1528165832536,2,updateStation,200,,Stations 1-20,text,true,,270,303,2,2,2,0,0
1528165832538,15,getHdStations,200,,Stations 1-20,text,true,,233299,133,1,1,11,0,0
1528165832554,1,createStation,200,,Stations 1-20,text,true,,214,276,1,1,1,0,0
1528165832555,1,getStationByID,200,,Stations 1-20,text,true,,270,162,1,1,1,0,0
1528165832556,15,getStationByName,200,,Stations 1-20,text,true,,233300,179,1,1,11,0,0
1528165832571,2,updateStation,200,,Stations 1-20,text,true,,270,303,1,1,2,0,0
1528165832574,14,getHdStations,200,,Stations 1-20,text,true,,233405,133,1,1,11,0,0
1528165832589,1,createStation,200,,Stations 1-20,text,true,,214,276,1,1,1,0,0
1528165832591,1,getStationByID,200,,Stations 1-20,text,true,,270,162,1,1,1,0,0
1528165832592,12,getStationByName,200,,Stations 1-20,text,true,,233406,179,1,1,10,0,0
1528165832605,1,updateStation,200,,Stations 1-20,text,true,,270,303,1,1,1,0,0
1528165832606,12,getHdStations,200,,Stations 1-20,text,true,,233511,133,1,1,9,0,0
1528165832619,1,createStation,200,,Stations 1-20,text,true,,214,276,1,1,1,0,0
1528165832620,1,getStationByID,200,,Stations 1-20,text,true,,270,162,1,1,0,0,0
1528165832621,14,getStationByName,200,,Stations 1-20,text,true,,233512,179,1,1,10,0,0
1528165832635,2,updateStation,200,,Stations 1-20,text,true,,270,303,1,1,2,0,0
